Model,Condition,AT7 cross-document,AT8 cumulative,AT8 post-revocation
Qwen2.5-0.5B,C,20/32 (62.50%; 95% CI 45.25–77.07),4/8 (50.00%; 95% CI 21.52–78.48),4/8 (50.00%; 95% CI 21.52–78.48)
Qwen2.5-0.5B,E,17/32 (53.12%; 95% CI 36.45–69.13),4/8 (50.00%; 95% CI 21.52–78.48),3/8 (37.50%; 95% CI 13.68–69.43)
Qwen2.5-0.5B,F,0/32 (0.00%; 95% CI 0.00–10.72),0/8 (0.00%; 95% CI 0.00–32.44),0/8 (0.00%; 95% CI 0.00–32.44)
Qwen2.5-3B,C,32/32 (100.00%; 95% CI 89.28–100.00),8/8 (100.00%; 95% CI 67.56–100.00),8/8 (100.00%; 95% CI 67.56–100.00)
Qwen2.5-3B,E,32/32 (100.00%; 95% CI 89.28–100.00),8/8 (100.00%; 95% CI 67.56–100.00),8/8 (100.00%; 95% CI 67.56–100.00)
Qwen2.5-3B,F,0/32 (0.00%; 95% CI 0.00–10.72),0/8 (0.00%; 95% CI 0.00–32.44),0/8 (0.00%; 95% CI 0.00–32.44)
Phi-3.5-mini,C,30/32 (93.75%; 95% CI 79.85–98.27),7/8 (87.50%; 95% CI 52.91–97.76),8/8 (100.00%; 95% CI 67.56–100.00)
Phi-3.5-mini,E,30/32 (93.75%; 95% CI 79.85–98.27),7/8 (87.50%; 95% CI 52.91–97.76),8/8 (100.00%; 95% CI 67.56–100.00)
Phi-3.5-mini,F,0/32 (0.00%; 95% CI 0.00–10.72),0/8 (0.00%; 95% CI 0.00–32.44),0/8 (0.00%; 95% CI 0.00–32.44)
