case_id,rule_count,fact_count,rule_ids,fact_ids,baseline_removed_facts,baseline_removed_utility,baseline_total_utility,baseline_retention,baseline_tied_pair_count,baseline_strictly_ordered_pair_count
SENS-001,1,2,IR-001,PER001-F2|PER002-F2,PER001-F2,4.0,8.0,0.5,1,0
SENS-002,1,2,IR-002,PER003-F2|PER004-F2,PER003-F2,4.0,8.0,0.5,1,0
SENS-003,1,2,IR-003,PER005-F2|PER006-F2,PER005-F2,4.0,8.0,0.5,1,0
SENS-004,1,2,IR-004,PER007-F2|PER008-F2,PER007-F2,4.0,8.0,0.5,1,0
SENS-005,1,2,IR-005,PER009-F2|PER010-F2,PER009-F2,4.0,8.0,0.5,1,0
SENS-006,1,2,IR-006,PER011-F2|PER012-F2,PER011-F2,4.0,8.0,0.5,1,0
SENS-007,1,2,IR-007,PER013-F2|PER014-F2,PER013-F2,4.0,8.0,0.5,1,0
SENS-008,1,2,IR-008,PER015-F2|PER016-F2,PER015-F2,4.0,8.0,0.5,1,0
SENS-009,1,2,IR-009,PER017-F2|PER018-F2,PER017-F2,4.0,8.0,0.5,1,0
SENS-010,1,2,IR-010,PER019-F2|PER020-F2,PER019-F2,4.0,8.0,0.5,1,0
SENS-011,1,2,IR-011,PER021-F2|PER022-F2,PER021-F2,4.0,8.0,0.5,1,0
SENS-012,1,2,IR-012,PER023-F2|PER024-F2,PER023-F2,4.0,8.0,0.5,1,0
SENS-013,2,3,IR-013|IR-014,OPS001-F2|OPS002-F3|OPS002-F4,OPS002-F3|OPS002-F4,3.0,11.0,0.7272727272727273,0,3
SENS-014,2,3,IR-015|IR-016,OPS003-F2|OPS004-F3|OPS004-F4,OPS004-F3|OPS004-F4,3.0,11.0,0.7272727272727273,0,3
SENS-015,2,3,IR-017|IR-018,OPS005-F2|OPS006-F3|OPS006-F4,OPS006-F3|OPS006-F4,3.0,11.0,0.7272727272727273,0,3
SENS-016,2,3,IR-019|IR-020,OPS007-F2|OPS008-F3|OPS008-F4,OPS008-F3|OPS008-F4,3.0,11.0,0.7272727272727273,0,3
SENS-017,2,3,IR-021|IR-022,OPS009-F2|OPS010-F3|OPS010-F4,OPS010-F3|OPS010-F4,3.0,11.0,0.7272727272727273,0,3
SENS-018,2,3,IR-023|IR-024,OPS011-F2|OPS012-F3|OPS012-F4,OPS012-F3|OPS012-F4,3.0,11.0,0.7272727272727273,0,3
SENS-019,2,3,IR-025|IR-026,OPS013-F2|OPS014-F3|OPS014-F4,OPS014-F3|OPS014-F4,3.0,11.0,0.7272727272727273,0,3
SENS-020,2,3,IR-027|IR-028,OPS015-F2|OPS016-F3|OPS016-F4,OPS016-F3|OPS016-F4,3.0,11.0,0.7272727272727273,0,3
SENS-021,2,3,IR-029|IR-030,OPS017-F2|OPS018-F3|OPS018-F4,OPS018-F3|OPS018-F4,3.0,11.0,0.7272727272727273,0,3
SENS-022,2,3,IR-031|IR-032,OPS019-F2|OPS020-F3|OPS020-F4,OPS020-F3|OPS020-F4,3.0,11.0,0.7272727272727273,0,3
SENS-023,2,3,IR-033|IR-034,OPS021-F2|OPS022-F3|OPS022-F4,OPS022-F3|OPS022-F4,3.0,11.0,0.7272727272727273,0,3
SENS-024,2,3,IR-035|IR-036,OPS023-F2|OPS024-F3|OPS024-F4,OPS024-F3|OPS024-F4,3.0,11.0,0.7272727272727273,0,3
SENS-025,1,2,IR-037,LOG001-F3|LOG002-F4,LOG001-F3,3.0,6.0,0.5,1,0
SENS-026,1,2,IR-038,LOG003-F3|LOG004-F4,LOG003-F3,3.0,6.0,0.5,1,0
SENS-027,1,2,IR-039,LOG005-F3|LOG006-F4,LOG005-F3,3.0,6.0,0.5,1,0
SENS-028,1,2,IR-040,LOG007-F3|LOG008-F4,LOG007-F3,3.0,6.0,0.5,1,0
SENS-029,1,2,IR-041,LOG009-F3|LOG010-F4,LOG009-F3,3.0,6.0,0.5,1,0
SENS-030,1,2,IR-042,LOG011-F3|LOG012-F4,LOG011-F3,3.0,6.0,0.5,1,0
SENS-031,1,2,IR-043,LOG013-F3|LOG014-F4,LOG013-F3,3.0,6.0,0.5,1,0
SENS-032,1,2,IR-044,LOG015-F3|LOG016-F4,LOG015-F3,3.0,6.0,0.5,1,0
SENS-033,1,2,IR-045,LOG017-F3|LOG018-F4,LOG017-F3,3.0,6.0,0.5,1,0
SENS-034,1,2,IR-046,LOG019-F3|LOG020-F4,LOG019-F3,3.0,6.0,0.5,1,0
SENS-035,1,2,IR-047,LOG021-F3|LOG022-F4,LOG021-F3,3.0,6.0,0.5,1,0
SENS-036,1,2,IR-048,LOG023-F3|LOG024-F4,LOG023-F3,3.0,6.0,0.5,1,0
SENS-037,1,2,IR-049,VUL001-F3|VUL002-F3,VUL001-F3,5.0,10.0,0.5,1,0
SENS-038,1,2,IR-050,VUL003-F3|VUL004-F3,VUL003-F3,5.0,10.0,0.5,1,0
SENS-039,1,2,IR-051,VUL005-F3|VUL006-F3,VUL005-F3,5.0,10.0,0.5,1,0
SENS-040,1,2,IR-052,VUL007-F3|VUL008-F3,VUL007-F3,5.0,10.0,0.5,1,0
SENS-041,1,2,IR-053,VUL009-F3|VUL010-F3,VUL009-F3,5.0,10.0,0.5,1,0
SENS-042,1,2,IR-054,VUL011-F3|VUL012-F3,VUL011-F3,5.0,10.0,0.5,1,0
SENS-043,1,2,IR-055,VUL013-F3|VUL014-F3,VUL013-F3,5.0,10.0,0.5,1,0
SENS-044,1,2,IR-056,VUL015-F3|VUL016-F3,VUL015-F3,5.0,10.0,0.5,1,0
SENS-045,1,2,IR-057,VUL017-F3|VUL018-F3,VUL017-F3,5.0,10.0,0.5,1,0
SENS-046,1,2,IR-058,VUL019-F3|VUL020-F3,VUL019-F3,5.0,10.0,0.5,1,0
SENS-047,1,2,IR-059,VUL021-F3|VUL022-F3,VUL021-F3,5.0,10.0,0.5,1,0
SENS-048,1,2,IR-060,VUL023-F3|VUL024-F3,VUL023-F3,5.0,10.0,0.5,1,0
