component_id,candidate_fact_count,rule_count,timed_runs,median_ms,mean_ms,p95_ms,p99_ms,max_ms,removed_fact_count,optimal_cost,safety_preserved
COMP-001,2,1,100,0.021,0.021273,0.026325,0.02875700000000003,0.0344,1,4.0,1
COMP-002,2,1,100,0.01865,0.025852,0.023405,0.04893500000000345,0.7157,1,4.0,1
COMP-003,2,1,100,0.017550000000000003,0.020193,0.02689499999999996,0.06663600000000007,0.0801,1,4.0,1
COMP-004,2,1,100,0.021,0.02677,0.02354,0.03582500000000278,0.5729,1,4.0,1
COMP-005,2,1,100,0.0114,0.012831,0.0205,0.022405000000000005,0.0229,1,4.0,1
COMP-006,2,1,100,0.0115,0.011892,0.012659999999999998,0.02001600000000006,0.0315,1,4.0,1
COMP-007,2,1,100,0.0172,0.02272,0.02813999999999999,0.13947900000000218,0.5631,1,4.0,1
COMP-008,2,1,100,0.0115,0.011872,0.014124999999999999,0.019214000000000005,0.0206,1,4.0,1
COMP-009,2,1,100,0.0116,0.017031,0.020304999999999997,0.02713800000000227,0.4665,1,4.0,1
COMP-010,2,1,100,0.0112,0.011402,0.012305,0.016529000000000016,0.0194,1,4.0,1
COMP-011,2,1,100,0.0184,0.018425,0.02615999999999996,0.054704,0.0551,1,4.0,1
COMP-012,2,1,100,0.0113,0.016053,0.013515,0.02502400000000221,0.4531,1,4.0,1
COMP-013,3,2,100,0.018,0.018519,0.020124999999999997,0.02724500000000007,0.0416,2,3.0,1
COMP-014,3,2,100,0.0312,0.033454,0.03409999999999998,0.10714200000000206,0.5073,2,3.0,1
COMP-015,3,2,100,0.027200000000000002,0.025517,0.03414,0.03712900000000012,0.0598,2,3.0,1
COMP-016,3,2,100,0.0177,0.022244,0.02043,0.03523100000000206,0.4343,2,3.0,1
COMP-017,3,2,100,0.018,0.018556,0.022905000000000002,0.025744000000000024,0.0301,2,3.0,1
COMP-018,3,2,100,0.0183,0.023458,0.02515,0.034862000000002336,0.4865,2,3.0,1
COMP-019,3,2,100,0.0183,0.025256,0.035205,0.07932200000000007,0.0914,2,3.0,1
COMP-020,3,2,100,0.0182,0.020566,0.03392,0.03532500000000001,0.0378,2,3.0,1
COMP-021,3,2,100,0.0178,0.023132,0.02101,0.032521000000002465,0.5098,2,3.0,1
COMP-022,3,2,100,0.0177,0.01819,0.0212,0.02552700000000001,0.0282,2,3.0,1
COMP-023,3,2,100,0.03095,0.027864,0.03620500000000001,0.09438600000000004,0.1029,2,3.0,1
COMP-024,3,2,100,0.01765,0.023158,0.021905,0.03144000000000258,0.5304,2,3.0,1
COMP-025,2,1,100,0.0115,0.012088,0.017329999999999998,0.018310000000000007,0.0193,1,3.0,1
COMP-026,2,1,100,0.0115,0.018745,0.014019999999999998,0.027112000000003536,0.7114,1,3.0,1
COMP-027,2,1,100,0.018250000000000002,0.016781,0.021,0.021302,0.0215,1,3.0,1
COMP-028,2,1,100,0.0115,0.01166,0.0128,0.014436000000000018,0.018,1,3.0,1
COMP-029,2,1,100,0.01115,0.015753,0.012349999999999998,0.020400000000002253,0.456,1,3.0,1
COMP-030,2,1,100,0.0116,0.013682,0.020764999999999992,0.042002000000000046,0.0521,1,3.0,1
COMP-031,2,1,100,0.0113,0.016173,0.013579999999999995,0.03172500000000216,0.45,1,3.0,1
COMP-032,2,1,100,0.0113,0.011578,0.012305,0.01729400000000005,0.0266,1,3.0,1
COMP-033,2,1,100,0.0115,0.012637,0.012709999999999999,0.024565000000000396,0.1003,1,3.0,1
COMP-034,2,1,100,0.0113,0.017691,0.016729999999999995,0.07597500000000239,0.5388,1,3.0,1
COMP-035,2,1,100,0.0114,0.011938,0.01423,0.016565000000000135,0.0428,1,3.0,1
COMP-036,2,1,100,0.0113,0.015915,0.01261,0.026782000000002193,0.4507,1,3.0,1
COMP-037,2,1,100,0.01115,0.011445,0.012105,0.01787400000000004,0.0252,1,5.0,1
COMP-038,2,1,100,0.0113,0.011584,0.012505,0.013807000000000055,0.0244,1,5.0,1
COMP-039,2,1,100,0.0113,0.020916999999999998,0.027125,0.06359900000000301,0.6476,1,5.0,1
COMP-040,2,1,100,0.0113,0.011644999999999999,0.0124,0.020255000000000026,0.0257,1,5.0,1
COMP-041,2,1,100,0.0114,0.011795,0.013344999999999996,0.02261700000000001,0.0243,1,5.0,1
COMP-042,2,1,100,0.0195,0.022827,0.028394999999999972,0.07840800000000185,0.4356,1,5.0,1
COMP-043,2,1,100,0.02015,0.020477,0.022564999999999995,0.03436900000000003,0.0412,1,5.0,1
COMP-044,2,1,100,0.0178,0.026972,0.023039999999999995,0.06026500000000377,0.7894,1,5.0,1
COMP-045,2,1,100,0.0209,0.021268,0.027259999999999986,0.055828000000000065,0.0685,1,5.0,1
COMP-046,2,1,100,0.019450000000000002,0.022565,0.05764499999999997,0.09251500000000015,0.1237,1,5.0,1
COMP-047,2,1,100,0.02035,0.029833,0.03478,0.06156900000000433,0.9,1,5.0,1
COMP-048,2,1,100,0.0115,0.01234,0.019115,0.02332000000000001,0.0253,1,5.0,1
