Candidate facts,Mean rules,Timed runs,Median (ms),P95 (ms),P99 (ms),Max (ms),Safety preserved
4,6.0,200,0.0958,0.2311,0.4490,0.5530,100.00%
6,9.0,200,0.2686,1.0311,2.2094,5.5136,100.00%
8,12.0,200,0.4384,0.9731,1.6296,3.1321,100.00%
10,15.0,200,0.9801,1.9425,4.1647,6.8073,100.00%
12,18.0,200,2.0331,4.5354,6.1300,7.9614,100.00%
14,21.0,200,3.6904,5.7224,6.5692,8.0245,100.00%
16,24.0,200,7.9544,13.6800,26.4961,41.6888,100.00%
18,27.0,200,14.4014,22.8700,30.8383,36.6358,100.00%
20,30.0,200,27.4353,41.3364,44.1732,54.1519,100.00%
