candidate_fact_count,rule_count,instance,repeat,instance_seed,removed_fact_count,optimal_cost,elapsed_ms,safety_preserved
4,6,1,1,400043,2,9.0,0.1174,1
4,6,1,2,400043,2,9.0,0.1234,1
4,6,1,3,400043,2,9.0,0.1093,1
4,6,1,4,400043,2,9.0,0.1052,1
4,6,1,5,400043,2,9.0,0.0984,1
4,6,1,6,400043,2,9.0,0.1014,1
4,6,1,7,400043,2,9.0,0.1001,1
4,6,1,8,400043,2,9.0,0.099,1
4,6,1,9,400043,2,9.0,0.1087,1
4,6,1,10,400043,2,9.0,0.106,1
4,6,2,1,400044,2,5.0,0.086,1
4,6,2,2,400044,2,5.0,0.0798,1
4,6,2,3,400044,2,5.0,0.0787,1
4,6,2,4,400044,2,5.0,0.0778,1
4,6,2,5,400044,2,5.0,0.0735,1
4,6,2,6,400044,2,5.0,0.0702,1
4,6,2,7,400044,2,5.0,0.0707,1
4,6,2,8,400044,2,5.0,0.0752,1
4,6,2,9,400044,2,5.0,0.072,1
4,6,2,10,400044,2,5.0,0.0722,1
4,6,3,1,400045,2,8.0,0.1046,1
4,6,3,2,400045,2,8.0,0.0983,1
4,6,3,3,400045,2,8.0,0.0939,1
4,6,3,4,400045,2,8.0,0.553,1
4,6,3,5,400045,2,8.0,0.11,1
4,6,3,6,400045,2,8.0,0.1451,1
4,6,3,7,400045,2,8.0,0.2196,1
4,6,3,8,400045,2,8.0,0.1006,1
4,6,3,9,400045,2,8.0,0.0891,1
4,6,3,10,400045,2,8.0,0.1745,1
4,6,4,1,400046,2,11.0,0.1333,1
4,6,4,2,400046,2,11.0,0.1264,1
4,6,4,3,400046,2,11.0,0.3417,1
4,6,4,4,400046,2,11.0,0.2047,1
4,6,4,5,400046,2,11.0,0.1352,1
4,6,4,6,400046,2,11.0,0.2132,1
4,6,4,7,400046,2,11.0,0.1249,1
4,6,4,8,400046,2,11.0,0.4037,1
4,6,4,9,400046,2,11.0,0.1412,1
4,6,4,10,400046,2,11.0,0.1368,1
4,6,5,1,400047,2,5.0,0.0974,1
4,6,5,2,400047,2,5.0,0.0976,1
4,6,5,3,400047,2,5.0,0.0936,1
4,6,5,4,400047,2,5.0,0.1031,1
4,6,5,5,400047,2,5.0,0.1043,1
4,6,5,6,400047,2,5.0,0.1065,1
4,6,5,7,400047,2,5.0,0.1404,1
4,6,5,8,400047,2,5.0,0.104,1
4,6,5,9,400047,2,5.0,0.1061,1
4,6,5,10,400047,2,5.0,0.1109,1
4,6,6,1,400048,2,4.0,0.0657,1
4,6,6,2,400048,2,4.0,0.0544,1
4,6,6,3,400048,2,4.0,0.0546,1
4,6,6,4,400048,2,4.0,0.0435,1
4,6,6,5,400048,2,4.0,0.0311,1
4,6,6,6,400048,2,4.0,0.0514,1
4,6,6,7,400048,2,4.0,0.0536,1
4,6,6,8,400048,2,4.0,0.0518,1
4,6,6,9,400048,2,4.0,0.0507,1
4,6,6,10,400048,2,4.0,0.0553,1
4,6,7,1,400049,2,7.0,0.0711,1
4,6,7,2,400049,2,7.0,0.0699,1
4,6,7,3,400049,2,7.0,0.0629,1
4,6,7,4,400049,2,7.0,0.0583,1
4,6,7,5,400049,2,7.0,0.0563,1
4,6,7,6,400049,2,7.0,0.0595,1
4,6,7,7,400049,2,7.0,0.0586,1
4,6,7,8,400049,2,7.0,0.0639,1
4,6,7,9,400049,2,7.0,0.0574,1
4,6,7,10,400049,2,7.0,0.0578,1
4,6,8,1,400050,2,8.0,0.0657,1
4,6,8,2,400050,2,8.0,0.068,1
4,6,8,3,400050,2,8.0,0.0629,1
4,6,8,4,400050,2,8.0,0.0594,1
4,6,8,5,400050,2,8.0,0.0586,1
4,6,8,6,400050,2,8.0,0.0596,1
4,6,8,7,400050,2,8.0,0.0598,1
4,6,8,8,400050,2,8.0,0.0602,1
4,6,8,9,400050,2,8.0,0.0584,1
4,6,8,10,400050,2,8.0,0.0628,1
4,6,9,1,400051,2,9.0,0.0878,1
4,6,9,2,400051,2,9.0,0.0832,1
4,6,9,3,400051,2,9.0,0.0867,1
4,6,9,4,400051,2,9.0,0.0875,1
4,6,9,5,400051,2,9.0,0.0988,1
4,6,9,6,400051,2,9.0,0.1014,1
4,6,9,7,400051,2,9.0,0.1052,1
4,6,9,8,400051,2,9.0,0.0976,1
4,6,9,9,400051,2,9.0,0.0942,1
4,6,9,10,400051,2,9.0,0.099,1
4,6,10,1,400052,2,5.0,0.0968,1
4,6,10,2,400052,2,5.0,0.2924,1
4,6,10,3,400052,2,5.0,0.1196,1
4,6,10,4,400052,2,5.0,0.0952,1
4,6,10,5,400052,2,5.0,0.0943,1
4,6,10,6,400052,2,5.0,0.0885,1
4,6,10,7,400052,2,5.0,0.085,1
4,6,10,8,400052,2,5.0,0.083,1
4,6,10,9,400052,2,5.0,0.0829,1
4,6,10,10,400052,2,5.0,0.0841,1
4,6,11,1,400053,2,11.0,0.0915,1
4,6,11,2,400053,2,11.0,0.0939,1
4,6,11,3,400053,2,11.0,0.132,1
4,6,11,4,400053,2,11.0,0.1082,1
4,6,11,5,400053,2,11.0,0.0769,1
4,6,11,6,400053,2,11.0,0.0749,1
4,6,11,7,400053,2,11.0,0.0731,1
4,6,11,8,400053,2,11.0,0.0775,1
4,6,11,9,400053,2,11.0,0.0714,1
4,6,11,10,400053,2,11.0,0.0728,1
4,6,12,1,400054,2,9.0,0.0815,1
4,6,12,2,400054,2,9.0,0.0978,1
4,6,12,3,400054,2,9.0,0.096,1
4,6,12,4,400054,2,9.0,0.0942,1
4,6,12,5,400054,2,9.0,0.0965,1
4,6,12,6,400054,2,9.0,0.0941,1
4,6,12,7,400054,2,9.0,0.1182,1
4,6,12,8,400054,2,9.0,0.0916,1
4,6,12,9,400054,2,9.0,0.08,1
4,6,12,10,400054,2,9.0,0.0752,1
4,6,13,1,400055,2,10.0,0.0793,1
4,6,13,2,400055,2,10.0,0.0784,1
4,6,13,3,400055,2,10.0,0.0839,1
4,6,13,4,400055,2,10.0,0.0768,1
4,6,13,5,400055,2,10.0,0.0756,1
4,6,13,6,400055,2,10.0,0.0797,1
4,6,13,7,400055,2,10.0,0.0838,1
4,6,13,8,400055,2,10.0,0.089,1
4,6,13,9,400055,2,10.0,0.0774,1
4,6,13,10,400055,2,10.0,0.078,1
4,6,14,1,400056,2,4.0,0.0483,1
4,6,14,2,400056,2,4.0,0.0463,1
4,6,14,3,400056,2,4.0,0.046,1
4,6,14,4,400056,2,4.0,0.0458,1
4,6,14,5,400056,2,4.0,0.0446,1
4,6,14,6,400056,2,4.0,0.0445,1
4,6,14,7,400056,2,4.0,0.0448,1
4,6,14,8,400056,2,4.0,0.1009,1
4,6,14,9,400056,2,4.0,0.0725,1
4,6,14,10,400056,2,4.0,0.0555,1
4,6,15,1,400057,2,3.0,0.0805,1
4,6,15,2,400057,2,3.0,0.0737,1
4,6,15,3,400057,2,3.0,0.0735,1
4,6,15,4,400057,2,3.0,0.0734,1
4,6,15,5,400057,2,3.0,0.0709,1
4,6,15,6,400057,2,3.0,0.1039,1
4,6,15,7,400057,2,3.0,0.0711,1
4,6,15,8,400057,2,3.0,0.0667,1
4,6,15,9,400057,2,3.0,0.0676,1
4,6,15,10,400057,2,3.0,0.0682,1
4,6,16,1,400058,2,9.0,0.1181,1
4,6,16,2,400058,2,9.0,0.2294,1
4,6,16,3,400058,2,9.0,0.2029,1
4,6,16,4,400058,2,9.0,0.1597,1
4,6,16,5,400058,2,9.0,0.1851,1
4,6,16,6,400058,2,9.0,0.1151,1
4,6,16,7,400058,2,9.0,0.1125,1
4,6,16,8,400058,2,9.0,0.1534,1
4,6,16,9,400058,2,9.0,0.1101,1
4,6,16,10,400058,2,9.0,0.1129,1
4,6,17,1,400059,3,7.0,0.1089,1
4,6,17,2,400059,3,7.0,0.0695,1
4,6,17,3,400059,3,7.0,0.4488,1
4,6,17,4,400059,3,7.0,0.1203,1
4,6,17,5,400059,3,7.0,0.196,1
4,6,17,6,400059,3,7.0,0.2627,1
4,6,17,7,400059,3,7.0,0.1375,1
4,6,17,8,400059,3,7.0,0.1159,1
4,6,17,9,400059,3,7.0,0.1092,1
4,6,17,10,400059,3,7.0,0.1084,1
4,6,18,1,400060,2,11.0,0.1146,1
4,6,18,2,400060,2,11.0,0.1172,1
4,6,18,3,400060,2,11.0,0.1107,1
4,6,18,4,400060,2,11.0,0.1164,1
4,6,18,5,400060,2,11.0,0.1171,1
4,6,18,6,400060,2,11.0,0.1197,1
4,6,18,7,400060,2,11.0,0.1171,1
4,6,18,8,400060,2,11.0,0.1533,1
4,6,18,9,400060,2,11.0,0.2019,1
4,6,18,10,400060,2,11.0,0.175,1
4,6,19,1,400061,2,6.0,0.0998,1
4,6,19,2,400061,2,6.0,0.0956,1
4,6,19,3,400061,2,6.0,0.0897,1
4,6,19,4,400061,2,6.0,0.1242,1
4,6,19,5,400061,2,6.0,0.1072,1
4,6,19,6,400061,2,6.0,0.1023,1
4,6,19,7,400061,2,6.0,0.1011,1
4,6,19,8,400061,2,6.0,0.0978,1
4,6,19,9,400061,2,6.0,0.0972,1
4,6,19,10,400061,2,6.0,0.1,1
4,6,20,1,400062,2,2.0,0.3317,1
4,6,20,2,400062,2,2.0,0.1268,1
4,6,20,3,400062,2,2.0,0.4705,1
4,6,20,4,400062,2,2.0,0.1899,1
4,6,20,5,400062,2,2.0,0.1325,1
4,6,20,6,400062,2,2.0,0.296,1
4,6,20,7,400062,2,2.0,0.3635,1
4,6,20,8,400062,2,2.0,0.1541,1
4,6,20,9,400062,2,2.0,0.1185,1
4,6,20,10,400062,2,2.0,0.1789,1
6,9,1,1,600043,4,13.0,0.3077,1
6,9,1,2,600043,4,13.0,0.3819,1
6,9,1,3,600043,4,13.0,0.3597,1
6,9,1,4,600043,4,13.0,0.2838,1
6,9,1,5,600043,4,13.0,0.3001,1
6,9,1,6,600043,4,13.0,0.3419,1
6,9,1,7,600043,4,13.0,0.327,1
6,9,1,8,600043,4,13.0,0.3013,1
6,9,1,9,600043,4,13.0,0.3676,1
6,9,1,10,600043,4,13.0,0.3112,1
6,9,2,1,600044,3,14.0,0.2542,1
6,9,2,2,600044,3,14.0,0.2123,1
6,9,2,3,600044,3,14.0,0.2046,1
6,9,2,4,600044,3,14.0,0.2038,1
6,9,2,5,600044,3,14.0,0.205,1
6,9,2,6,600044,3,14.0,0.2238,1
6,9,2,7,600044,3,14.0,1.477,1
6,9,2,8,600044,3,14.0,0.3077,1
6,9,2,9,600044,3,14.0,0.2493,1
6,9,2,10,600044,3,14.0,0.2656,1
6,9,3,1,600045,4,6.0,0.2285,1
6,9,3,2,600045,4,6.0,0.2088,1
6,9,3,3,600045,4,6.0,2.975,1
6,9,3,4,600045,4,6.0,0.2037,1
6,9,3,5,600045,4,6.0,0.192,1
6,9,3,6,600045,4,6.0,0.2306,1
6,9,3,7,600045,4,6.0,0.1641,1
6,9,3,8,600045,4,6.0,0.1628,1
6,9,3,9,600045,4,6.0,0.1667,1
6,9,3,10,600045,4,6.0,0.1608,1
6,9,4,1,600046,3,9.0,0.5392,1
6,9,4,2,600046,3,9.0,0.3274,1
6,9,4,3,600046,3,9.0,0.3411,1
6,9,4,4,600046,3,9.0,0.2662,1
6,9,4,5,600046,3,9.0,0.2409,1
6,9,4,6,600046,3,9.0,0.2331,1
6,9,4,7,600046,3,9.0,0.4114,1
6,9,4,8,600046,3,9.0,0.198,1
6,9,4,9,600046,3,9.0,0.1852,1
6,9,4,10,600046,3,9.0,0.1915,1
6,9,5,1,600047,3,17.0,0.1959,1
6,9,5,2,600047,3,17.0,0.1922,1
6,9,5,3,600047,3,17.0,0.1954,1
6,9,5,4,600047,3,17.0,0.2439,1
6,9,5,5,600047,3,17.0,0.2114,1
6,9,5,6,600047,3,17.0,0.233,1
6,9,5,7,600047,3,17.0,0.228,1
6,9,5,8,600047,3,17.0,0.2841,1
6,9,5,9,600047,3,17.0,0.2451,1
6,9,5,10,600047,3,17.0,0.2527,1
6,9,6,1,600048,3,9.0,0.1639,1
6,9,6,2,600048,3,9.0,0.1574,1
6,9,6,3,600048,3,9.0,0.1552,1
6,9,6,4,600048,3,9.0,0.1547,1
6,9,6,5,600048,3,9.0,0.1573,1
6,9,6,6,600048,3,9.0,0.1875,1
6,9,6,7,600048,3,9.0,0.1552,1
6,9,6,8,600048,3,9.0,0.1591,1
6,9,6,9,600048,3,9.0,0.3604,1
6,9,6,10,600048,3,9.0,0.3514,1
6,9,7,1,600049,4,10.0,0.316,1
6,9,7,2,600049,4,10.0,0.2387,1
6,9,7,3,600049,4,10.0,0.2373,1
6,9,7,4,600049,4,10.0,0.2358,1
6,9,7,5,600049,4,10.0,0.3245,1
6,9,7,6,600049,4,10.0,0.2545,1
6,9,7,7,600049,4,10.0,0.2403,1
6,9,7,8,600049,4,10.0,0.2176,1
6,9,7,9,600049,4,10.0,0.2741,1
6,9,7,10,600049,4,10.0,1.037,1
6,9,8,1,600050,3,9.0,0.2954,1
6,9,8,2,600050,3,9.0,0.2436,1
6,9,8,3,600050,3,9.0,0.2724,1
6,9,8,4,600050,3,9.0,0.2443,1
6,9,8,5,600050,3,9.0,0.2538,1
6,9,8,6,600050,3,9.0,0.4143,1
6,9,8,7,600050,3,9.0,0.2924,1
6,9,8,8,600050,3,9.0,1.0308,1
6,9,8,9,600050,3,9.0,0.3951,1
6,9,8,10,600050,3,9.0,0.278,1
6,9,9,1,600051,3,15.0,0.2697,1
6,9,9,2,600051,3,15.0,0.3139,1
6,9,9,3,600051,3,15.0,0.3977,1
6,9,9,4,600051,3,15.0,0.3096,1
6,9,9,5,600051,3,15.0,0.3061,1
6,9,9,6,600051,3,15.0,0.2542,1
6,9,9,7,600051,3,15.0,0.2538,1
6,9,9,8,600051,3,15.0,0.2461,1
6,9,9,9,600051,3,15.0,0.3216,1
6,9,9,10,600051,3,15.0,0.3459,1
6,9,10,1,600052,3,11.0,0.3252,1
6,9,10,2,600052,3,11.0,0.3027,1
6,9,10,3,600052,3,11.0,0.3115,1
6,9,10,4,600052,3,11.0,0.2776,1
6,9,10,5,600052,3,11.0,0.2683,1
6,9,10,6,600052,3,11.0,0.2628,1
6,9,10,7,600052,3,11.0,0.3034,1
6,9,10,8,600052,3,11.0,0.7982,1
6,9,10,9,600052,3,11.0,0.2786,1
6,9,10,10,600052,3,11.0,0.2766,1
6,9,11,1,600053,3,9.0,0.365,1
6,9,11,2,600053,3,9.0,0.9297,1
6,9,11,3,600053,3,9.0,0.3706,1
6,9,11,4,600053,3,9.0,0.3381,1
6,9,11,5,600053,3,9.0,1.012,1
6,9,11,6,600053,3,9.0,0.8009,1
6,9,11,7,600053,3,9.0,0.3476,1
6,9,11,8,600053,3,9.0,0.3448,1
6,9,11,9,600053,3,9.0,0.8607,1
6,9,11,10,600053,3,9.0,0.418,1
6,9,12,1,600054,3,7.0,0.6265,1
6,9,12,2,600054,3,7.0,0.904,1
6,9,12,3,600054,3,7.0,0.2446,1
6,9,12,4,600054,3,7.0,0.2335,1
6,9,12,5,600054,3,7.0,0.2573,1
6,9,12,6,600054,3,7.0,0.2287,1
6,9,12,7,600054,3,7.0,0.2126,1
6,9,12,8,600054,3,7.0,0.2235,1
6,9,12,9,600054,3,7.0,0.2476,1
6,9,12,10,600054,3,7.0,0.2277,1
6,9,13,1,600055,3,8.0,0.2518,1
6,9,13,2,600055,3,8.0,0.2466,1
6,9,13,3,600055,3,8.0,0.3243,1
6,9,13,4,600055,3,8.0,0.2586,1
6,9,13,5,600055,3,8.0,0.8293,1
6,9,13,6,600055,3,8.0,0.2522,1
6,9,13,7,600055,3,8.0,0.2405,1
6,9,13,8,600055,3,8.0,0.2825,1
6,9,13,9,600055,3,8.0,0.2483,1
6,9,13,10,600055,3,8.0,0.5422,1
6,9,14,1,600056,3,10.0,0.3195,1
6,9,14,2,600056,3,10.0,0.2804,1
6,9,14,3,600056,3,10.0,0.2361,1
6,9,14,4,600056,3,10.0,0.2332,1
6,9,14,5,600056,3,10.0,0.2507,1
6,9,14,6,600056,3,10.0,0.2347,1
6,9,14,7,600056,3,10.0,0.2355,1
6,9,14,8,600056,3,10.0,0.2331,1
6,9,14,9,600056,3,10.0,0.258,1
6,9,14,10,600056,3,10.0,0.2347,1
6,9,15,1,600057,4,17.0,0.7059,1
6,9,15,2,600057,4,17.0,0.5644,1
6,9,15,3,600057,4,17.0,0.5539,1
6,9,15,4,600057,4,17.0,0.6242,1
6,9,15,5,600057,4,17.0,1.0718,1
6,9,15,6,600057,4,17.0,1.0994,1
6,9,15,7,600057,4,17.0,0.3782,1
6,9,15,8,600057,4,17.0,1.3942,1
6,9,15,9,600057,4,17.0,0.5091,1
6,9,15,10,600057,4,17.0,0.3433,1
6,9,16,1,600058,3,18.0,0.2596,1
6,9,16,2,600058,3,18.0,0.2251,1
6,9,16,3,600058,3,18.0,0.2464,1
6,9,16,4,600058,3,18.0,0.2815,1
6,9,16,5,600058,3,18.0,0.2368,1
6,9,16,6,600058,3,18.0,0.2397,1
6,9,16,7,600058,3,18.0,0.407,1
6,9,16,8,600058,3,18.0,0.5061,1
6,9,16,9,600058,3,18.0,0.237,1
6,9,16,10,600058,3,18.0,0.2339,1
6,9,17,1,600059,3,7.0,0.1472,1
6,9,17,2,600059,3,7.0,0.1892,1
6,9,17,3,600059,3,7.0,0.1552,1
6,9,17,4,600059,3,7.0,0.2981,1
6,9,17,5,600059,3,7.0,0.3336,1
6,9,17,6,600059,3,7.0,0.1657,1
6,9,17,7,600059,3,7.0,0.4659,1
6,9,17,8,600059,3,7.0,0.1501,1
6,9,17,9,600059,3,7.0,0.1542,1
6,9,17,10,600059,3,7.0,0.1468,1
6,9,18,1,600060,3,14.0,0.2814,1
6,9,18,2,600060,3,14.0,0.2648,1
6,9,18,3,600060,3,14.0,0.412,1
6,9,18,4,600060,3,14.0,0.9229,1
6,9,18,5,600060,3,14.0,0.4496,1
6,9,18,6,600060,3,14.0,0.269,1
6,9,18,7,600060,3,14.0,2.0512,1
6,9,18,8,600060,3,14.0,2.2017,1
6,9,18,9,600060,3,14.0,0.5436,1
6,9,18,10,600060,3,14.0,0.3873,1
6,9,19,1,600061,3,14.0,0.2576,1
6,9,19,2,600061,3,14.0,0.2566,1
6,9,19,3,600061,3,14.0,1.5103,1
6,9,19,4,600061,3,14.0,0.2805,1
6,9,19,5,600061,3,14.0,0.2478,1
6,9,19,6,600061,3,14.0,0.3549,1
6,9,19,7,600061,3,14.0,0.2983,1
6,9,19,8,600061,3,14.0,0.2838,1
6,9,19,9,600061,3,14.0,0.3601,1
6,9,19,10,600061,3,14.0,0.2465,1
6,9,20,1,600062,3,15.0,0.3343,1
6,9,20,2,600062,3,15.0,0.2778,1
6,9,20,3,600062,3,15.0,0.2835,1
6,9,20,4,600062,3,15.0,5.5136,1
6,9,20,5,600062,3,15.0,0.4059,1
6,9,20,6,600062,3,15.0,0.2348,1
6,9,20,7,600062,3,15.0,0.2205,1
6,9,20,8,600062,3,15.0,0.247,1
6,9,20,9,600062,3,15.0,0.2617,1
6,9,20,10,600062,3,15.0,0.2495,1
8,12,1,1,800043,5,16.0,0.6792,1
8,12,1,2,800043,5,16.0,0.7829,1
8,12,1,3,800043,5,16.0,0.7194,1
8,12,1,4,800043,5,16.0,0.6546,1
8,12,1,5,800043,5,16.0,0.6384,1
8,12,1,6,800043,5,16.0,0.6385,1
8,12,1,7,800043,5,16.0,0.6426,1
8,12,1,8,800043,5,16.0,0.9801,1
8,12,1,9,800043,5,16.0,0.9727,1
8,12,1,10,800043,5,16.0,0.8868,1
8,12,2,1,800044,4,13.0,0.6358,1
8,12,2,2,800044,4,13.0,0.6683,1
8,12,2,3,800044,4,13.0,0.6313,1
8,12,2,4,800044,4,13.0,0.6684,1
8,12,2,5,800044,4,13.0,0.756,1
8,12,2,6,800044,4,13.0,3.1321,1
8,12,2,7,800044,4,13.0,0.5104,1
8,12,2,8,800044,4,13.0,0.6816,1
8,12,2,9,800044,4,13.0,0.7236,1
8,12,2,10,800044,4,13.0,0.5653,1
8,12,3,1,800045,5,17.0,0.7044,1
8,12,3,2,800045,5,17.0,0.7672,1
8,12,3,3,800045,5,17.0,0.5798,1
8,12,3,4,800045,5,17.0,0.8899,1
8,12,3,5,800045,5,17.0,0.993,1
8,12,3,6,800045,5,17.0,0.8561,1
8,12,3,7,800045,5,17.0,0.7706,1
8,12,3,8,800045,5,17.0,0.9016,1
8,12,3,9,800045,5,17.0,0.8154,1
8,12,3,10,800045,5,17.0,0.7744,1
8,12,4,1,800046,4,17.0,0.6744,1
8,12,4,2,800046,4,17.0,1.7483,1
8,12,4,3,800046,4,17.0,0.9849,1
8,12,4,4,800046,4,17.0,0.707,1
8,12,4,5,800046,4,17.0,0.5816,1
8,12,4,6,800046,4,17.0,0.6046,1
8,12,4,7,800046,4,17.0,0.6025,1
8,12,4,8,800046,4,17.0,0.6757,1
8,12,4,9,800046,4,17.0,0.5462,1
8,12,4,10,800046,4,17.0,0.5878,1
8,12,5,1,800047,4,15.0,0.4294,1
8,12,5,2,800047,4,15.0,0.7314,1
8,12,5,3,800047,4,15.0,0.6975,1
8,12,5,4,800047,4,15.0,0.9165,1
8,12,5,5,800047,4,15.0,0.4607,1
8,12,5,6,800047,4,15.0,0.6237,1
8,12,5,7,800047,4,15.0,0.3696,1
8,12,5,8,800047,4,15.0,0.7149,1
8,12,5,9,800047,4,15.0,0.5297,1
8,12,5,10,800047,4,15.0,0.3503,1
8,12,6,1,800048,4,19.0,0.3525,1
8,12,6,2,800048,4,19.0,0.3386,1
8,12,6,3,800048,4,19.0,0.3518,1
8,12,6,4,800048,4,19.0,0.3381,1
8,12,6,5,800048,4,19.0,0.3311,1
8,12,6,6,800048,4,19.0,0.531,1
8,12,6,7,800048,4,19.0,1.489,1
8,12,6,8,800048,4,19.0,0.5408,1
8,12,6,9,800048,4,19.0,0.3447,1
8,12,6,10,800048,4,19.0,0.3395,1
8,12,7,1,800049,4,19.0,0.2987,1
8,12,7,2,800049,4,19.0,0.2923,1
8,12,7,3,800049,4,19.0,0.3114,1
8,12,7,4,800049,4,19.0,0.2923,1
8,12,7,5,800049,4,19.0,0.2922,1
8,12,7,6,800049,4,19.0,0.3079,1
8,12,7,7,800049,4,19.0,0.2926,1
8,12,7,8,800049,4,19.0,0.2879,1
8,12,7,9,800049,4,19.0,0.3065,1
8,12,7,10,800049,4,19.0,0.2898,1
8,12,8,1,800050,4,23.0,0.4352,1
8,12,8,2,800050,4,23.0,0.3983,1
8,12,8,3,800050,4,23.0,0.6978,1
8,12,8,4,800050,4,23.0,0.6709,1
8,12,8,5,800050,4,23.0,0.4388,1
8,12,8,6,800050,4,23.0,0.4179,1
8,12,8,7,800050,4,23.0,0.3998,1
8,12,8,8,800050,4,23.0,0.4097,1
8,12,8,9,800050,4,23.0,0.3963,1
8,12,8,10,800050,4,23.0,0.5432,1
8,12,9,1,800051,4,16.0,0.2892,1
8,12,9,2,800051,4,16.0,0.2582,1
8,12,9,3,800051,4,16.0,0.2631,1
8,12,9,4,800051,4,16.0,0.2658,1
8,12,9,5,800051,4,16.0,0.262,1
8,12,9,6,800051,4,16.0,0.2539,1
8,12,9,7,800051,4,16.0,0.2604,1
8,12,9,8,800051,4,16.0,0.2679,1
8,12,9,9,800051,4,16.0,0.2607,1
8,12,9,10,800051,4,16.0,0.2598,1
8,12,10,1,800052,4,18.0,0.6619,1
8,12,10,2,800052,4,18.0,1.6284,1
8,12,10,3,800052,4,18.0,1.113,1
8,12,10,4,800052,4,18.0,0.5928,1
8,12,10,5,800052,4,18.0,0.461,1
8,12,10,6,800052,4,18.0,0.4591,1
8,12,10,7,800052,4,18.0,0.4366,1
8,12,10,8,800052,4,18.0,0.5213,1
8,12,10,9,800052,4,18.0,0.582,1
8,12,10,10,800052,4,18.0,0.4853,1
8,12,11,1,800053,4,18.0,0.2991,1
8,12,11,2,800053,4,18.0,0.3033,1
8,12,11,3,800053,4,18.0,0.4186,1
8,12,11,4,800053,4,18.0,0.5475,1
8,12,11,5,800053,4,18.0,0.4248,1
8,12,11,6,800053,4,18.0,0.3038,1
8,12,11,7,800053,4,18.0,0.2804,1
8,12,11,8,800053,4,18.0,0.2777,1
8,12,11,9,800053,4,18.0,0.279,1
8,12,11,10,800053,4,18.0,0.2861,1
8,12,12,1,800054,5,11.0,0.4769,1
8,12,12,2,800054,5,11.0,0.4625,1
8,12,12,3,800054,5,11.0,0.3922,1
8,12,12,4,800054,5,11.0,0.3721,1
8,12,12,5,800054,5,11.0,0.3664,1
8,12,12,6,800054,5,11.0,0.3776,1
8,12,12,7,800054,5,11.0,0.3629,1
8,12,12,8,800054,5,11.0,0.3782,1
8,12,12,9,800054,5,11.0,0.375,1
8,12,12,10,800054,5,11.0,0.3753,1
8,12,13,1,800055,4,13.0,0.4864,1
8,12,13,2,800055,4,13.0,0.535,1
8,12,13,3,800055,4,13.0,0.5152,1
8,12,13,4,800055,4,13.0,0.5005,1
8,12,13,5,800055,4,13.0,0.5669,1
8,12,13,6,800055,4,13.0,0.6692,1
8,12,13,7,800055,4,13.0,0.5071,1
8,12,13,8,800055,4,13.0,0.3245,1
8,12,13,9,800055,4,13.0,0.3577,1
8,12,13,10,800055,4,13.0,0.3212,1
8,12,14,1,800056,4,15.0,0.4586,1
8,12,14,2,800056,4,15.0,0.423,1
8,12,14,3,800056,4,15.0,0.4626,1
8,12,14,4,800056,4,15.0,0.4252,1
8,12,14,5,800056,4,15.0,0.4586,1
8,12,14,6,800056,4,15.0,0.6751,1
8,12,14,7,800056,4,15.0,1.1991,1
8,12,14,8,800056,4,15.0,0.7899,1
8,12,14,9,800056,4,15.0,0.5582,1
8,12,14,10,800056,4,15.0,0.4245,1
8,12,15,1,800057,5,15.0,0.6794,1
8,12,15,2,800057,5,15.0,0.6941,1
8,12,15,3,800057,5,15.0,0.3835,1
8,12,15,4,800057,5,15.0,0.3673,1
8,12,15,5,800057,5,15.0,0.3987,1
8,12,15,6,800057,5,15.0,0.364,1
8,12,15,7,800057,5,15.0,0.4039,1
8,12,15,8,800057,5,15.0,0.4379,1
8,12,15,9,800057,5,15.0,0.5916,1
8,12,15,10,800057,5,15.0,0.6375,1
8,12,16,1,800058,4,20.0,0.2407,1
8,12,16,2,800058,4,20.0,0.2528,1
8,12,16,3,800058,4,20.0,0.4562,1
8,12,16,4,800058,4,20.0,0.5182,1
8,12,16,5,800058,4,20.0,0.3511,1
8,12,16,6,800058,4,20.0,0.3353,1
8,12,16,7,800058,4,20.0,0.3397,1
8,12,16,8,800058,4,20.0,0.3332,1
8,12,16,9,800058,4,20.0,0.3286,1
8,12,16,10,800058,4,20.0,0.2843,1
8,12,17,1,800059,5,11.0,0.3898,1
8,12,17,2,800059,5,11.0,0.2798,1
8,12,17,3,800059,5,11.0,0.271,1
8,12,17,4,800059,5,11.0,0.2865,1
8,12,17,5,800059,5,11.0,0.2669,1
8,12,17,6,800059,5,11.0,0.2696,1
8,12,17,7,800059,5,11.0,0.4411,1
8,12,17,8,800059,5,11.0,0.4713,1
8,12,17,9,800059,5,11.0,0.4784,1
8,12,17,10,800059,5,11.0,0.2902,1
8,12,18,1,800060,4,16.0,0.514,1
8,12,18,2,800060,4,16.0,0.4433,1
8,12,18,3,800060,4,16.0,0.4779,1
8,12,18,4,800060,4,16.0,0.5069,1
8,12,18,5,800060,4,16.0,0.3513,1
8,12,18,6,800060,4,16.0,0.305,1
8,12,18,7,800060,4,16.0,0.3019,1
8,12,18,8,800060,4,16.0,0.3422,1
8,12,18,9,800060,4,16.0,0.3074,1
8,12,18,10,800060,4,16.0,0.3195,1
8,12,19,1,800061,5,18.0,0.4311,1
8,12,19,2,800061,5,18.0,0.4342,1
8,12,19,3,800061,5,18.0,0.4154,1
8,12,19,4,800061,5,18.0,0.5731,1
8,12,19,5,800061,5,18.0,0.6791,1
8,12,19,6,800061,5,18.0,0.4271,1
8,12,19,7,800061,5,18.0,0.4333,1
8,12,19,8,800061,5,18.0,0.8437,1
8,12,19,9,800061,5,18.0,0.6429,1
8,12,19,10,800061,5,18.0,1.0492,1
8,12,20,1,800062,5,15.0,0.5471,1
8,12,20,2,800062,5,15.0,0.4224,1
8,12,20,3,800062,5,15.0,0.3873,1
8,12,20,4,800062,5,15.0,0.3775,1
8,12,20,5,800062,5,15.0,0.4145,1
8,12,20,6,800062,5,15.0,0.3803,1
8,12,20,7,800062,5,15.0,0.526,1
8,12,20,8,800062,5,15.0,0.436,1
8,12,20,9,800062,5,15.0,0.406,1
8,12,20,10,800062,5,15.0,0.3801,1
10,15,1,1,1000043,5,17.0,1.0894,1
10,15,1,2,1000043,5,17.0,0.9305,1
10,15,1,3,1000043,5,17.0,0.8882,1
10,15,1,4,1000043,5,17.0,0.8689,1
10,15,1,5,1000043,5,17.0,0.8756,1
10,15,1,6,1000043,5,17.0,1.0255,1
10,15,1,7,1000043,5,17.0,1.0516,1
10,15,1,8,1000043,5,17.0,0.8824,1
10,15,1,9,1000043,5,17.0,0.8965,1
10,15,1,10,1000043,5,17.0,1.4656,1
10,15,2,1,1000044,5,18.0,0.6706,1
10,15,2,2,1000044,5,18.0,0.6458,1
10,15,2,3,1000044,5,18.0,0.6529,1
10,15,2,4,1000044,5,18.0,0.8055,1
10,15,2,5,1000044,5,18.0,0.7777,1
10,15,2,6,1000044,5,18.0,0.6726,1
10,15,2,7,1000044,5,18.0,0.6543,1
10,15,2,8,1000044,5,18.0,1.2244,1
10,15,2,9,1000044,5,18.0,0.775,1
10,15,2,10,1000044,5,18.0,0.6632,1
10,15,3,1,1000045,5,25.0,0.4987,1
10,15,3,2,1000045,5,25.0,0.4663,1
10,15,3,3,1000045,5,25.0,0.5214,1
10,15,3,4,1000045,5,25.0,0.6744,1
10,15,3,5,1000045,5,25.0,0.5627,1
10,15,3,6,1000045,5,25.0,0.4835,1
10,15,3,7,1000045,5,25.0,0.4588,1
10,15,3,8,1000045,5,25.0,0.4822,1
10,15,3,9,1000045,5,25.0,0.4675,1
10,15,3,10,1000045,5,25.0,0.471,1
10,15,4,1,1000046,6,16.0,0.9228,1
10,15,4,2,1000046,6,16.0,1.1512,1
10,15,4,3,1000046,6,16.0,0.648,1
10,15,4,4,1000046,6,16.0,0.6419,1
10,15,4,5,1000046,6,16.0,0.7268,1
10,15,4,6,1000046,6,16.0,0.7296,1
10,15,4,7,1000046,6,16.0,0.6737,1
10,15,4,8,1000046,6,16.0,0.6967,1
10,15,4,9,1000046,6,16.0,0.6443,1
10,15,4,10,1000046,6,16.0,0.781,1
10,15,5,1,1000047,6,10.0,0.7333,1
10,15,5,2,1000047,6,10.0,0.7224,1
10,15,5,3,1000047,6,10.0,0.7309,1
10,15,5,4,1000047,6,10.0,0.7301,1
10,15,5,5,1000047,6,10.0,1.3416,1
10,15,5,6,1000047,6,10.0,0.8182,1
10,15,5,7,1000047,6,10.0,0.8296,1
10,15,5,8,1000047,6,10.0,0.8129,1
10,15,5,9,1000047,6,10.0,0.8053,1
10,15,5,10,1000047,6,10.0,0.8155,1
10,15,6,1,1000048,6,18.0,1.1566,1
10,15,6,2,1000048,6,18.0,0.8992,1
10,15,6,3,1000048,6,18.0,0.7497,1
10,15,6,4,1000048,6,18.0,0.721,1
10,15,6,5,1000048,6,18.0,0.8623,1
10,15,6,6,1000048,6,18.0,1.008,1
10,15,6,7,1000048,6,18.0,0.8662,1
10,15,6,8,1000048,6,18.0,0.783,1
10,15,6,9,1000048,6,18.0,0.7926,1
10,15,6,10,1000048,6,18.0,0.7933,1
10,15,7,1,1000049,5,18.0,1.0243,1
10,15,7,2,1000049,5,18.0,0.9947,1
10,15,7,3,1000049,5,18.0,0.9546,1
10,15,7,4,1000049,5,18.0,0.9654,1
10,15,7,5,1000049,5,18.0,1.2605,1
10,15,7,6,1000049,5,18.0,1.256,1
10,15,7,7,1000049,5,18.0,1.1237,1
10,15,7,8,1000049,5,18.0,1.149,1
10,15,7,9,1000049,5,18.0,1.0872,1
10,15,7,10,1000049,5,18.0,0.9943,1
10,15,8,1,1000050,5,29.0,1.0503,1
10,15,8,2,1000050,5,29.0,1.4724,1
10,15,8,3,1000050,5,29.0,1.2091,1
10,15,8,4,1000050,5,29.0,1.0985,1
10,15,8,5,1000050,5,29.0,1.0103,1
10,15,8,6,1000050,5,29.0,1.0203,1
10,15,8,7,1000050,5,29.0,1.0062,1
10,15,8,8,1000050,5,29.0,0.9013,1
10,15,8,9,1000050,5,29.0,1.4821,1
10,15,8,10,1000050,5,29.0,1.6395,1
10,15,9,1,1000051,5,24.0,1.3318,1
10,15,9,2,1000051,5,24.0,1.1296,1
10,15,9,3,1000051,5,24.0,0.7759,1
10,15,9,4,1000051,5,24.0,0.7215,1
10,15,9,5,1000051,5,24.0,0.7064,1
10,15,9,6,1000051,5,24.0,0.7314,1
10,15,9,7,1000051,5,24.0,0.9089,1
10,15,9,8,1000051,5,24.0,0.8356,1
10,15,9,9,1000051,5,24.0,0.7389,1
10,15,9,10,1000051,5,24.0,0.7208,1
10,15,10,1,1000052,5,24.0,0.9419,1
10,15,10,2,1000052,5,24.0,0.9361,1
10,15,10,3,1000052,5,24.0,0.9028,1
10,15,10,4,1000052,5,24.0,1.9651,1
10,15,10,5,1000052,5,24.0,1.2996,1
10,15,10,6,1000052,5,24.0,1.6638,1
10,15,10,7,1000052,5,24.0,1.4322,1
10,15,10,8,1000052,5,24.0,1.4428,1
10,15,10,9,1000052,5,24.0,0.9419,1
10,15,10,10,1000052,5,24.0,1.1069,1
10,15,11,1,1000053,5,11.0,1.4097,1
10,15,11,2,1000053,5,11.0,1.4417,1
10,15,11,3,1000053,5,11.0,1.4582,1
10,15,11,4,1000053,5,11.0,4.1604,1
10,15,11,5,1000053,5,11.0,0.9324,1
10,15,11,6,1000053,5,11.0,0.8773,1
10,15,11,7,1000053,5,11.0,0.8514,1
10,15,11,8,1000053,5,11.0,0.8475,1
10,15,11,9,1000053,5,11.0,0.8424,1
10,15,11,10,1000053,5,11.0,1.1212,1
10,15,12,1,1000054,6,15.0,1.1616,1
10,15,12,2,1000054,6,15.0,1.1317,1
10,15,12,3,1000054,6,15.0,1.1793,1
10,15,12,4,1000054,6,15.0,1.258,1
10,15,12,5,1000054,6,15.0,1.1665,1
10,15,12,6,1000054,6,15.0,1.3249,1
10,15,12,7,1000054,6,15.0,2.1731,1
10,15,12,8,1000054,6,15.0,1.4703,1
10,15,12,9,1000054,6,15.0,1.4025,1
10,15,12,10,1000054,6,15.0,1.2561,1
10,15,13,1,1000055,6,27.0,1.4837,1
10,15,13,2,1000055,6,27.0,0.9345,1
10,15,13,3,1000055,6,27.0,1.2496,1
10,15,13,4,1000055,6,27.0,0.7901,1
10,15,13,5,1000055,6,27.0,1.2166,1
10,15,13,6,1000055,6,27.0,4.5871,1
10,15,13,7,1000055,6,27.0,1.3856,1
10,15,13,8,1000055,6,27.0,1.9185,1
10,15,13,9,1000055,6,27.0,1.4795,1
10,15,13,10,1000055,6,27.0,1.3624,1
10,15,14,1,1000056,5,20.0,1.3867,1
10,15,14,2,1000056,5,20.0,1.0487,1
10,15,14,3,1000056,5,20.0,1.0269,1
10,15,14,4,1000056,5,20.0,1.0691,1
10,15,14,5,1000056,5,20.0,2.4534,1
10,15,14,6,1000056,5,20.0,1.5101,1
10,15,14,7,1000056,5,20.0,0.9604,1
10,15,14,8,1000056,5,20.0,1.1344,1
10,15,14,9,1000056,5,20.0,1.2471,1
10,15,14,10,1000056,5,20.0,0.6883,1
10,15,15,1,1000057,6,22.0,1.2449,1
10,15,15,2,1000057,6,22.0,1.4234,1
10,15,15,3,1000057,6,22.0,1.9413,1
10,15,15,4,1000057,6,22.0,6.8073,1
10,15,15,5,1000057,6,22.0,2.1697,1
10,15,15,6,1000057,6,22.0,1.6309,1
10,15,15,7,1000057,6,22.0,1.0506,1
10,15,15,8,1000057,6,22.0,1.3949,1
10,15,15,9,1000057,6,22.0,1.3457,1
10,15,15,10,1000057,6,22.0,1.2438,1
10,15,16,1,1000058,5,21.0,0.7347,1
10,15,16,2,1000058,5,21.0,1.2601,1
10,15,16,3,1000058,5,21.0,1.9748,1
10,15,16,4,1000058,5,21.0,0.725,1
10,15,16,5,1000058,5,21.0,0.6837,1
10,15,16,6,1000058,5,21.0,0.7299,1
10,15,16,7,1000058,5,21.0,1.1605,1
10,15,16,8,1000058,5,21.0,1.2462,1
10,15,16,9,1000058,5,21.0,1.0254,1
10,15,16,10,1000058,5,21.0,0.7026,1
10,15,17,1,1000059,5,12.0,0.9741,1
10,15,17,2,1000059,5,12.0,0.9666,1
10,15,17,3,1000059,5,12.0,1.0871,1
10,15,17,4,1000059,5,12.0,1.1591,1
10,15,17,5,1000059,5,12.0,0.9558,1
10,15,17,6,1000059,5,12.0,0.9441,1
10,15,17,7,1000059,5,12.0,2.7624,1
10,15,17,8,1000059,5,12.0,1.174,1
10,15,17,9,1000059,5,12.0,1.1829,1
10,15,17,10,1000059,5,12.0,0.9894,1
10,15,18,1,1000060,5,18.0,0.7131,1
10,15,18,2,1000060,5,18.0,0.7008,1
10,15,18,3,1000060,5,18.0,0.6828,1
10,15,18,4,1000060,5,18.0,0.7719,1
10,15,18,5,1000060,5,18.0,0.8078,1
10,15,18,6,1000060,5,18.0,0.689,1
10,15,18,7,1000060,5,18.0,0.7522,1
10,15,18,8,1000060,5,18.0,1.8054,1
10,15,18,9,1000060,5,18.0,1.0008,1
10,15,18,10,1000060,5,18.0,0.9771,1
10,15,19,1,1000061,5,17.0,0.9255,1
10,15,19,2,1000061,5,17.0,1.0419,1
10,15,19,3,1000061,5,17.0,0.9831,1
10,15,19,4,1000061,5,17.0,0.9456,1
10,15,19,5,1000061,5,17.0,0.8479,1
10,15,19,6,1000061,5,17.0,0.874,1
10,15,19,7,1000061,5,17.0,0.8316,1
10,15,19,8,1000061,5,17.0,1.1102,1
10,15,19,9,1000061,5,17.0,1.4542,1
10,15,19,10,1000061,5,17.0,0.9931,1
10,15,20,1,1000062,6,18.0,0.8547,1
10,15,20,2,1000062,6,18.0,3.0633,1
10,15,20,3,1000062,6,18.0,1.5323,1
10,15,20,4,1000062,6,18.0,0.9706,1
10,15,20,5,1000062,6,18.0,1.6442,1
10,15,20,6,1000062,6,18.0,0.8779,1
10,15,20,7,1000062,6,18.0,1.0257,1
10,15,20,8,1000062,6,18.0,1.1238,1
10,15,20,9,1000062,6,18.0,1.6091,1
10,15,20,10,1000062,6,18.0,1.4395,1
12,18,1,1,1200043,6,23.0,4.6239,1
12,18,1,2,1200043,6,23.0,2.1624,1
12,18,1,3,1200043,6,23.0,2.118,1
12,18,1,4,1200043,6,23.0,2.3416,1
12,18,1,5,1200043,6,23.0,1.4354,1
12,18,1,6,1200043,6,23.0,1.2369,1
12,18,1,7,1200043,6,23.0,1.2099,1
12,18,1,8,1200043,6,23.0,1.2244,1
12,18,1,9,1200043,6,23.0,4.3962,1
12,18,1,10,1200043,6,23.0,2.1813,1
12,18,2,1,1200044,7,19.0,2.1603,1
12,18,2,2,1200044,7,19.0,2.8538,1
12,18,2,3,1200044,7,19.0,1.8433,1
12,18,2,4,1200044,7,19.0,4.5317,1
12,18,2,5,1200044,7,19.0,2.2217,1
12,18,2,6,1200044,7,19.0,1.9378,1
12,18,2,7,1200044,7,19.0,2.396,1
12,18,2,8,1200044,7,19.0,1.6321,1
12,18,2,9,1200044,7,19.0,1.6459,1
12,18,2,10,1200044,7,19.0,1.6656,1
12,18,3,1,1200045,7,18.0,3.8481,1
12,18,3,2,1200045,7,18.0,1.6208,1
12,18,3,3,1200045,7,18.0,2.2455,1
12,18,3,4,1200045,7,18.0,2.107,1
12,18,3,5,1200045,7,18.0,1.5475,1
12,18,3,6,1200045,7,18.0,1.5473,1
12,18,3,7,1200045,7,18.0,1.5071,1
12,18,3,8,1200045,7,18.0,2.0409,1
12,18,3,9,1200045,7,18.0,3.0284,1
12,18,3,10,1200045,7,18.0,1.559,1
12,18,4,1,1200046,6,30.0,2.232,1
12,18,4,2,1200046,6,30.0,2.29,1
12,18,4,3,1200046,6,30.0,1.8728,1
12,18,4,4,1200046,6,30.0,2.2431,1
12,18,4,5,1200046,6,30.0,4.8409,1
12,18,4,6,1200046,6,30.0,2.1153,1
12,18,4,7,1200046,6,30.0,3.1251,1
12,18,4,8,1200046,6,30.0,3.7336,1
12,18,4,9,1200046,6,30.0,2.1166,1
12,18,4,10,1200046,6,30.0,4.6948,1
12,18,5,1,1200047,7,20.0,1.7898,1
12,18,5,2,1200047,7,20.0,1.2221,1
12,18,5,3,1200047,7,20.0,1.1888,1
12,18,5,4,1200047,7,20.0,1.1789,1
12,18,5,5,1200047,7,20.0,1.1752,1
12,18,5,6,1200047,7,20.0,1.9639,1
12,18,5,7,1200047,7,20.0,4.6591,1
12,18,5,8,1200047,7,20.0,1.2728,1
12,18,5,9,1200047,7,20.0,1.7234,1
12,18,5,10,1200047,7,20.0,1.2696,1
12,18,6,1,1200048,8,23.0,1.8789,1
12,18,6,2,1200048,8,23.0,2.6977,1
12,18,6,3,1200048,8,23.0,7.9614,1
12,18,6,4,1200048,8,23.0,1.9274,1
12,18,6,5,1200048,8,23.0,1.8156,1
12,18,6,6,1200048,8,23.0,1.8324,1
12,18,6,7,1200048,8,23.0,2.023,1
12,18,6,8,1200048,8,23.0,1.7984,1
12,18,6,9,1200048,8,23.0,6.5982,1
12,18,6,10,1200048,8,23.0,2.7122,1
12,18,7,1,1200049,7,22.0,2.3876,1
12,18,7,2,1200049,7,22.0,2.0913,1
12,18,7,3,1200049,7,22.0,4.9113,1
12,18,7,4,1200049,7,22.0,1.9738,1
12,18,7,5,1200049,7,22.0,1.8939,1
12,18,7,6,1200049,7,22.0,2.2565,1
12,18,7,7,1200049,7,22.0,2.0031,1
12,18,7,8,1200049,7,22.0,1.8652,1
12,18,7,9,1200049,7,22.0,2.051,1
12,18,7,10,1200049,7,22.0,4.3979,1
12,18,8,1,1200050,7,22.0,1.4851,1
12,18,8,2,1200050,7,22.0,1.643,1
12,18,8,3,1200050,7,22.0,1.5152,1
12,18,8,4,1200050,7,22.0,1.5424,1
12,18,8,5,1200050,7,22.0,1.5432,1
12,18,8,6,1200050,7,22.0,2.0518,1
12,18,8,7,1200050,7,22.0,2.9137,1
12,18,8,8,1200050,7,22.0,3.3408,1
12,18,8,9,1200050,7,22.0,1.6132,1
12,18,8,10,1200050,7,22.0,1.5353,1
12,18,9,1,1200051,7,21.0,1.5187,1
12,18,9,2,1200051,7,21.0,3.6392,1
12,18,9,3,1200051,7,21.0,3.0745,1
12,18,9,4,1200051,7,21.0,2.0126,1
12,18,9,5,1200051,7,21.0,1.5138,1
12,18,9,6,1200051,7,21.0,1.5089,1
12,18,9,7,1200051,7,21.0,1.4851,1
12,18,9,8,1200051,7,21.0,1.4602,1
12,18,9,9,1200051,7,21.0,1.7478,1
12,18,9,10,1200051,7,21.0,2.3683,1
12,18,10,1,1200052,7,28.0,2.4359,1
12,18,10,2,1200052,7,28.0,2.0885,1
12,18,10,3,1200052,7,28.0,1.5096,1
12,18,10,4,1200052,7,28.0,1.4532,1
12,18,10,5,1200052,7,28.0,1.4248,1
12,18,10,6,1200052,7,28.0,1.7969,1
12,18,10,7,1200052,7,28.0,2.2266,1
12,18,10,8,1200052,7,28.0,1.684,1
12,18,10,9,1200052,7,28.0,1.4675,1
12,18,10,10,1200052,7,28.0,1.9387,1
12,18,11,1,1200053,6,21.0,2.0028,1
12,18,11,2,1200053,6,21.0,2.408,1
12,18,11,3,1200053,6,21.0,2.8181,1
12,18,11,4,1200053,6,21.0,1.9801,1
12,18,11,5,1200053,6,21.0,1.995,1
12,18,11,6,1200053,6,21.0,1.9609,1
12,18,11,7,1200053,6,21.0,3.4411,1
12,18,11,8,1200053,6,21.0,1.9425,1
12,18,11,9,1200053,6,21.0,1.9085,1
12,18,11,10,1200053,6,21.0,2.0492,1
12,18,12,1,1200054,7,25.0,1.6143,1
12,18,12,2,1200054,7,25.0,1.6159,1
12,18,12,3,1200054,7,25.0,1.6305,1
12,18,12,4,1200054,7,25.0,2.8312,1
12,18,12,5,1200054,7,25.0,2.0049,1
12,18,12,6,1200054,7,25.0,1.8923,1
12,18,12,7,1200054,7,25.0,2.1756,1
12,18,12,8,1200054,7,25.0,3.0539,1
12,18,12,9,1200054,7,25.0,3.0984,1
12,18,12,10,1200054,7,25.0,4.0655,1
12,18,13,1,1200055,7,31.0,3.3303,1
12,18,13,2,1200055,7,31.0,3.477,1
12,18,13,3,1200055,7,31.0,6.1253,1
12,18,13,4,1200055,7,31.0,4.6051,1
12,18,13,5,1200055,7,31.0,4.3225,1
12,18,13,6,1200055,7,31.0,4.5106,1
12,18,13,7,1200055,7,31.0,5.7615,1
12,18,13,8,1200055,7,31.0,3.2628,1
12,18,13,9,1200055,7,31.0,3.1614,1
12,18,13,10,1200055,7,31.0,3.0979,1
12,18,14,1,1200056,6,31.0,2.3471,1
12,18,14,2,1200056,6,31.0,1.4172,1
12,18,14,3,1200056,6,31.0,1.284,1
12,18,14,4,1200056,6,31.0,1.332,1
12,18,14,5,1200056,6,31.0,1.2655,1
12,18,14,6,1200056,6,31.0,1.2592,1
12,18,14,7,1200056,6,31.0,1.2773,1
12,18,14,8,1200056,6,31.0,1.2611,1
12,18,14,9,1200056,6,31.0,1.269,1
12,18,14,10,1200056,6,31.0,1.2854,1
12,18,15,1,1200057,7,22.0,1.9635,1
12,18,15,2,1200057,7,22.0,1.5166,1
12,18,15,3,1200057,7,22.0,1.4963,1
12,18,15,4,1200057,7,22.0,1.4779,1
12,18,15,5,1200057,7,22.0,1.5914,1
12,18,15,6,1200057,7,22.0,1.9211,1
12,18,15,7,1200057,7,22.0,1.4952,1
12,18,15,8,1200057,7,22.0,1.5672,1
12,18,15,9,1200057,7,22.0,3.097,1
12,18,15,10,1200057,7,22.0,1.6926,1
12,18,16,1,1200058,6,23.0,1.9094,1
12,18,16,2,1200058,6,23.0,1.875,1
12,18,16,3,1200058,6,23.0,1.8827,1
12,18,16,4,1200058,6,23.0,1.9074,1
12,18,16,5,1200058,6,23.0,1.9024,1
12,18,16,6,1200058,6,23.0,3.4484,1
12,18,16,7,1200058,6,23.0,2.816,1
12,18,16,8,1200058,6,23.0,2.2438,1
12,18,16,9,1200058,6,23.0,1.9184,1
12,18,16,10,1200058,6,23.0,2.4697,1
12,18,17,1,1200059,6,24.0,3.3475,1
12,18,17,2,1200059,6,24.0,2.3089,1
12,18,17,3,1200059,6,24.0,2.2121,1
12,18,17,4,1200059,6,24.0,2.2085,1
12,18,17,5,1200059,6,24.0,2.2078,1
12,18,17,6,1200059,6,24.0,2.1903,1
12,18,17,7,1200059,6,24.0,2.1887,1
12,18,17,8,1200059,6,24.0,3.165,1
12,18,17,9,1200059,6,24.0,2.8231,1
12,18,17,10,1200059,6,24.0,2.4583,1
12,18,18,1,1200060,7,26.0,2.1246,1
12,18,18,2,1200060,7,26.0,2.0253,1
12,18,18,3,1200060,7,26.0,2.0838,1
12,18,18,4,1200060,7,26.0,2.704,1
12,18,18,5,1200060,7,26.0,2.7034,1
12,18,18,6,1200060,7,26.0,2.7252,1
12,18,18,7,1200060,7,26.0,2.1207,1
12,18,18,8,1200060,7,26.0,1.9182,1
12,18,18,9,1200060,7,26.0,1.9346,1
12,18,18,10,1200060,7,26.0,2.151,1
12,18,19,1,1200061,7,22.0,2.1389,1
12,18,19,2,1200061,7,22.0,1.7234,1
12,18,19,3,1200061,7,22.0,1.7118,1
12,18,19,4,1200061,7,22.0,1.7019,1
12,18,19,5,1200061,7,22.0,1.7346,1
12,18,19,6,1200061,7,22.0,1.822,1
12,18,19,7,1200061,7,22.0,2.4766,1
12,18,19,8,1200061,7,22.0,3.2914,1
12,18,19,9,1200061,7,22.0,1.7232,1
12,18,19,10,1200061,7,22.0,2.0087,1
12,18,20,1,1200062,7,23.0,2.4367,1
12,18,20,2,1200062,7,23.0,4.1342,1
12,18,20,3,1200062,7,23.0,3.4064,1
12,18,20,4,1200062,7,23.0,2.9895,1
12,18,20,5,1200062,7,23.0,2.4996,1
12,18,20,6,1200062,7,23.0,2.4623,1
12,18,20,7,1200062,7,23.0,2.4921,1
12,18,20,8,1200062,7,23.0,2.4384,1
12,18,20,9,1200062,7,23.0,3.1641,1
12,18,20,10,1200062,7,23.0,2.69,1
14,21,1,1,1400043,8,36.0,3.8979,1
14,21,1,2,1400043,8,36.0,3.8101,1
14,21,1,3,1400043,8,36.0,4.8372,1
14,21,1,4,1400043,8,36.0,3.517,1
14,21,1,5,1400043,8,36.0,3.8408,1
14,21,1,6,1400043,8,36.0,5.102,1
14,21,1,7,1400043,8,36.0,4.6287,1
14,21,1,8,1400043,8,36.0,3.6165,1
14,21,1,9,1400043,8,36.0,3.8964,1
14,21,1,10,1400043,8,36.0,5.714,1
14,21,2,1,1400044,8,38.0,3.6701,1
14,21,2,2,1400044,8,38.0,3.2697,1
14,21,2,3,1400044,8,38.0,5.5062,1
14,21,2,4,1400044,8,38.0,3.7597,1
14,21,2,5,1400044,8,38.0,3.8695,1
14,21,2,6,1400044,8,38.0,3.7161,1
14,21,2,7,1400044,8,38.0,4.9512,1
14,21,2,8,1400044,8,38.0,3.2164,1
14,21,2,9,1400044,8,38.0,3.4509,1
14,21,2,10,1400044,8,38.0,3.3392,1
14,21,3,1,1400045,8,31.0,3.2443,1
14,21,3,2,1400045,8,31.0,3.4078,1
14,21,3,3,1400045,8,31.0,3.3031,1
14,21,3,4,1400045,8,31.0,3.0119,1
14,21,3,5,1400045,8,31.0,4.6208,1
14,21,3,6,1400045,8,31.0,3.1657,1
14,21,3,7,1400045,8,31.0,3.3551,1
14,21,3,8,1400045,8,31.0,2.9592,1
14,21,3,9,1400045,8,31.0,3.0604,1
14,21,3,10,1400045,8,31.0,4.1155,1
14,21,4,1,1400046,8,34.0,2.8238,1
14,21,4,2,1400046,8,34.0,3.033,1
14,21,4,3,1400046,8,34.0,2.8124,1
14,21,4,4,1400046,8,34.0,4.1515,1
14,21,4,5,1400046,8,34.0,4.5811,1
14,21,4,6,1400046,8,34.0,4.2611,1
14,21,4,7,1400046,8,34.0,3.9518,1
14,21,4,8,1400046,8,34.0,4.9093,1
14,21,4,9,1400046,8,34.0,2.9505,1
14,21,4,10,1400046,8,34.0,2.7937,1
14,21,5,1,1400047,8,28.0,3.1207,1
14,21,5,2,1400047,8,28.0,3.9751,1
14,21,5,3,1400047,8,28.0,3.1461,1
14,21,5,4,1400047,8,28.0,3.0847,1
14,21,5,5,1400047,8,28.0,3.077,1
14,21,5,6,1400047,8,28.0,3.1023,1
14,21,5,7,1400047,8,28.0,3.6989,1
14,21,5,8,1400047,8,28.0,3.2096,1
14,21,5,9,1400047,8,28.0,3.4399,1
14,21,5,10,1400047,8,28.0,3.0329,1
14,21,6,1,1400048,8,37.0,6.1989,1
14,21,6,2,1400048,8,37.0,4.8661,1
14,21,6,3,1400048,8,37.0,5.369,1
14,21,6,4,1400048,8,37.0,6.2912,1
14,21,6,5,1400048,8,37.0,4.7882,1
14,21,6,6,1400048,8,37.0,5.3586,1
14,21,6,7,1400048,8,37.0,4.7347,1
14,21,6,8,1400048,8,37.0,4.6715,1
14,21,6,9,1400048,8,37.0,4.6766,1
14,21,6,10,1400048,8,37.0,6.3007,1
14,21,7,1,1400049,7,27.0,3.3305,1
14,21,7,2,1400049,7,27.0,3.6565,1
14,21,7,3,1400049,7,27.0,3.6557,1
14,21,7,4,1400049,7,27.0,3.3697,1
14,21,7,5,1400049,7,27.0,3.3809,1
14,21,7,6,1400049,7,27.0,3.3488,1
14,21,7,7,1400049,7,27.0,3.2988,1
14,21,7,8,1400049,7,27.0,4.0517,1
14,21,7,9,1400049,7,27.0,3.3739,1
14,21,7,10,1400049,7,27.0,3.4011,1
14,21,8,1,1400050,7,32.0,3.2151,1
14,21,8,2,1400050,7,32.0,3.67,1
14,21,8,3,1400050,7,32.0,3.0808,1
14,21,8,4,1400050,7,32.0,3.1039,1
14,21,8,5,1400050,7,32.0,5.0154,1
14,21,8,6,1400050,7,32.0,4.0924,1
14,21,8,7,1400050,7,32.0,3.1418,1
14,21,8,8,1400050,7,32.0,3.2966,1
14,21,8,9,1400050,7,32.0,3.399,1
14,21,8,10,1400050,7,32.0,2.9808,1
14,21,9,1,1400051,7,24.0,3.5274,1
14,21,9,2,1400051,7,24.0,3.5435,1
14,21,9,3,1400051,7,24.0,3.6966,1
14,21,9,4,1400051,7,24.0,3.68,1
14,21,9,5,1400051,7,24.0,3.6438,1
14,21,9,6,1400051,7,24.0,3.894,1
14,21,9,7,1400051,7,24.0,3.6981,1
14,21,9,8,1400051,7,24.0,3.5547,1
14,21,9,9,1400051,7,24.0,3.6146,1
14,21,9,10,1400051,7,24.0,3.6551,1
14,21,10,1,1400052,8,23.0,5.0908,1
14,21,10,2,1400052,8,23.0,5.2557,1
14,21,10,3,1400052,8,23.0,5.565,1
14,21,10,4,1400052,8,23.0,4.8745,1
14,21,10,5,1400052,8,23.0,5.6645,1
14,21,10,6,1400052,8,23.0,5.0432,1
14,21,10,7,1400052,8,23.0,5.0674,1
14,21,10,8,1400052,8,23.0,5.3383,1
14,21,10,9,1400052,8,23.0,5.3977,1
14,21,10,10,1400052,8,23.0,5.1617,1
14,21,11,1,1400053,8,31.0,3.6823,1
14,21,11,2,1400053,8,31.0,3.7247,1
14,21,11,3,1400053,8,31.0,3.5228,1
14,21,11,4,1400053,8,31.0,3.3253,1
14,21,11,5,1400053,8,31.0,4.2325,1
14,21,11,6,1400053,8,31.0,3.7769,1
14,21,11,7,1400053,8,31.0,3.332,1
14,21,11,8,1400053,8,31.0,3.2928,1
14,21,11,9,1400053,8,31.0,3.3193,1
14,21,11,10,1400053,8,31.0,3.5767,1
14,21,12,1,1400054,7,32.0,2.8992,1
14,21,12,2,1400054,7,32.0,3.1644,1
14,21,12,3,1400054,7,32.0,2.6703,1
14,21,12,4,1400054,7,32.0,2.91,1
14,21,12,5,1400054,7,32.0,2.88,1
14,21,12,6,1400054,7,32.0,2.7136,1
14,21,12,7,1400054,7,32.0,2.6312,1
14,21,12,8,1400054,7,32.0,2.6407,1
14,21,12,9,1400054,7,32.0,2.6369,1
14,21,12,10,1400054,7,32.0,3.3232,1
14,21,13,1,1400055,9,29.0,3.7237,1
14,21,13,2,1400055,9,29.0,3.3849,1
14,21,13,3,1400055,9,29.0,3.3475,1
14,21,13,4,1400055,9,29.0,3.629,1
14,21,13,5,1400055,9,29.0,3.3319,1
14,21,13,6,1400055,9,29.0,3.6268,1
14,21,13,7,1400055,9,29.0,3.4305,1
14,21,13,8,1400055,9,29.0,4.3942,1
14,21,13,9,1400055,9,29.0,3.4248,1
14,21,13,10,1400055,9,29.0,3.317,1
14,21,14,1,1400056,8,29.0,4.2436,1
14,21,14,2,1400056,8,29.0,4.5937,1
14,21,14,3,1400056,8,29.0,4.1485,1
14,21,14,4,1400056,8,29.0,4.2673,1
14,21,14,5,1400056,8,29.0,6.0923,1
14,21,14,6,1400056,8,29.0,4.014,1
14,21,14,7,1400056,8,29.0,4.0346,1
14,21,14,8,1400056,8,29.0,4.5265,1
14,21,14,9,1400056,8,29.0,7.4888,1
14,21,14,10,1400056,8,29.0,4.8245,1
14,21,15,1,1400057,8,22.0,5.883,1
14,21,15,2,1400057,8,22.0,5.0099,1
14,21,15,3,1400057,8,22.0,4.3405,1
14,21,15,4,1400057,8,22.0,4.3176,1
14,21,15,5,1400057,8,22.0,4.9036,1
14,21,15,6,1400057,8,22.0,4.0314,1
14,21,15,7,1400057,8,22.0,4.4766,1
14,21,15,8,1400057,8,22.0,6.5599,1
14,21,15,9,1400057,8,22.0,8.0245,1
14,21,15,10,1400057,8,22.0,6.2367,1
14,21,16,1,1400058,7,34.0,5.9786,1
14,21,16,2,1400058,7,34.0,3.3866,1
14,21,16,3,1400058,7,34.0,3.1722,1
14,21,16,4,1400058,7,34.0,3.1813,1
14,21,16,5,1400058,7,34.0,3.8687,1
14,21,16,6,1400058,7,34.0,3.2444,1
14,21,16,7,1400058,7,34.0,3.5453,1
14,21,16,8,1400058,7,34.0,3.6262,1
14,21,16,9,1400058,7,34.0,3.119,1
14,21,16,10,1400058,7,34.0,3.4572,1
14,21,17,1,1400059,7,22.0,4.6627,1
14,21,17,2,1400059,7,22.0,3.703,1
14,21,17,3,1400059,7,22.0,4.2788,1
14,21,17,4,1400059,7,22.0,3.6842,1
14,21,17,5,1400059,7,22.0,4.2293,1
14,21,17,6,1400059,7,22.0,3.6614,1
14,21,17,7,1400059,7,22.0,3.9853,1
14,21,17,8,1400059,7,22.0,3.8993,1
14,21,17,9,1400059,7,22.0,3.8384,1
14,21,17,10,1400059,7,22.0,3.9722,1
14,21,18,1,1400060,7,26.0,2.169,1
14,21,18,2,1400060,7,26.0,2.1727,1
14,21,18,3,1400060,7,26.0,2.1701,1
14,21,18,4,1400060,7,26.0,2.1862,1
14,21,18,5,1400060,7,26.0,2.9717,1
14,21,18,6,1400060,7,26.0,2.3342,1
14,21,18,7,1400060,7,26.0,4.2705,1
14,21,18,8,1400060,7,26.0,2.5556,1
14,21,18,9,1400060,7,26.0,2.2064,1
14,21,18,10,1400060,7,26.0,2.1843,1
14,21,19,1,1400061,7,29.0,3.7335,1
14,21,19,2,1400061,7,29.0,3.3538,1
14,21,19,3,1400061,7,29.0,4.215,1
14,21,19,4,1400061,7,29.0,4.4994,1
14,21,19,5,1400061,7,29.0,4.3697,1
14,21,19,6,1400061,7,29.0,4.373,1
14,21,19,7,1400061,7,29.0,3.1385,1
14,21,19,8,1400061,7,29.0,5.5173,1
14,21,19,9,1400061,7,29.0,3.3681,1
14,21,19,10,1400061,7,29.0,3.1643,1
14,21,20,1,1400062,8,31.0,5.3198,1
14,21,20,2,1400062,8,31.0,5.2073,1
14,21,20,3,1400062,8,31.0,4.4631,1
14,21,20,4,1400062,8,31.0,4.859,1
14,21,20,5,1400062,8,31.0,4.1553,1
14,21,20,6,1400062,8,31.0,4.0914,1
14,21,20,7,1400062,8,31.0,4.1212,1
14,21,20,8,1400062,8,31.0,5.4709,1
14,21,20,9,1400062,8,31.0,4.8836,1
14,21,20,10,1400062,8,31.0,4.1633,1
16,24,1,1,1600043,9,26.0,5.0544,1
16,24,1,2,1600043,9,26.0,5.0475,1
16,24,1,3,1600043,9,26.0,8.5953,1
16,24,1,4,1600043,9,26.0,5.6045,1
16,24,1,5,1600043,9,26.0,5.3435,1
16,24,1,6,1600043,9,26.0,6.2729,1
16,24,1,7,1600043,9,26.0,5.1141,1
16,24,1,8,1600043,9,26.0,5.5273,1
16,24,1,9,1600043,9,26.0,5.6367,1
16,24,1,10,1600043,9,26.0,5.0398,1
16,24,2,1,1600044,9,26.0,6.7638,1
16,24,2,2,1600044,9,26.0,6.5011,1
16,24,2,3,1600044,9,26.0,7.4754,1
16,24,2,4,1600044,9,26.0,6.4166,1
16,24,2,5,1600044,9,26.0,7.3805,1
16,24,2,6,1600044,9,26.0,6.8694,1
16,24,2,7,1600044,9,26.0,6.4244,1
16,24,2,8,1600044,9,26.0,6.5565,1
16,24,2,9,1600044,9,26.0,7.4774,1
16,24,2,10,1600044,9,26.0,7.0606,1
16,24,3,1,1600045,10,37.0,10.0659,1
16,24,3,2,1600045,10,37.0,9.9827,1
16,24,3,3,1600045,10,37.0,12.3032,1
16,24,3,4,1600045,10,37.0,10.9372,1
16,24,3,5,1600045,10,37.0,8.8161,1
16,24,3,6,1600045,10,37.0,14.2089,1
16,24,3,7,1600045,10,37.0,11.6627,1
16,24,3,8,1600045,10,37.0,8.8112,1
16,24,3,9,1600045,10,37.0,12.7785,1
16,24,3,10,1600045,10,37.0,9.6247,1
16,24,4,1,1600046,9,39.0,9.3334,1
16,24,4,2,1600046,9,39.0,8.3344,1
16,24,4,3,1600046,9,39.0,12.365,1
16,24,4,4,1600046,9,39.0,12.9062,1
16,24,4,5,1600046,9,39.0,15.1502,1
16,24,4,6,1600046,9,39.0,18.5781,1
16,24,4,7,1600046,9,39.0,13.1128,1
16,24,4,8,1600046,9,39.0,10.6446,1
16,24,4,9,1600046,9,39.0,13.6536,1
16,24,4,10,1600046,9,39.0,9.2277,1
16,24,5,1,1600047,9,31.0,4.5708,1
16,24,5,2,1600047,9,31.0,4.2767,1
16,24,5,3,1600047,9,31.0,7.3423,1
16,24,5,4,1600047,9,31.0,4.2754,1
16,24,5,5,1600047,9,31.0,4.1013,1
16,24,5,6,1600047,9,31.0,8.1143,1
16,24,5,7,1600047,9,31.0,4.4623,1
16,24,5,8,1600047,9,31.0,4.2475,1
16,24,5,9,1600047,9,31.0,9.0184,1
16,24,5,10,1600047,9,31.0,7.7337,1
16,24,6,1,1600048,9,38.0,8.5334,1
16,24,6,2,1600048,9,38.0,11.6835,1
16,24,6,3,1600048,9,38.0,8.5429,1
16,24,6,4,1600048,9,38.0,10.1501,1
16,24,6,5,1600048,9,38.0,38.0225,1
16,24,6,6,1600048,9,38.0,18.163,1
16,24,6,7,1600048,9,38.0,11.5487,1
16,24,6,8,1600048,9,38.0,41.6888,1
16,24,6,9,1600048,9,38.0,10.5078,1
16,24,6,10,1600048,9,38.0,10.0223,1
16,24,7,1,1600049,9,38.0,5.2727,1
16,24,7,2,1600049,9,38.0,7.0358,1
16,24,7,3,1600049,9,38.0,5.5048,1
16,24,7,4,1600049,9,38.0,5.496,1
16,24,7,5,1600049,9,38.0,5.7643,1
16,24,7,6,1600049,9,38.0,5.718,1
16,24,7,7,1600049,9,38.0,6.7745,1
16,24,7,8,1600049,9,38.0,6.1718,1
16,24,7,9,1600049,9,38.0,6.2212,1
16,24,7,10,1600049,9,38.0,6.3628,1
16,24,8,1,1600050,8,33.0,5.3485,1
16,24,8,2,1600050,8,33.0,7.2789,1
16,24,8,3,1600050,8,33.0,6.1661,1
16,24,8,4,1600050,8,33.0,6.1684,1
16,24,8,5,1600050,8,33.0,5.4448,1
16,24,8,6,1600050,8,33.0,5.1796,1
16,24,8,7,1600050,8,33.0,5.4504,1
16,24,8,8,1600050,8,33.0,5.2606,1
16,24,8,9,1600050,8,33.0,5.0235,1
16,24,8,10,1600050,8,33.0,4.9789,1
16,24,9,1,1600051,8,32.0,11.0694,1
16,24,9,2,1600051,8,32.0,10.1054,1
16,24,9,3,1600051,8,32.0,11.9554,1
16,24,9,4,1600051,8,32.0,10.1175,1
16,24,9,5,1600051,8,32.0,9.8542,1
16,24,9,6,1600051,8,32.0,10.7077,1
16,24,9,7,1600051,8,32.0,10.8998,1
16,24,9,8,1600051,8,32.0,10.1046,1
16,24,9,9,1600051,8,32.0,13.5249,1
16,24,9,10,1600051,8,32.0,15.3737,1
16,24,10,1,1600052,9,32.0,13.3096,1
16,24,10,2,1600052,9,32.0,9.8318,1
16,24,10,3,1600052,9,32.0,11.8653,1
16,24,10,4,1600052,9,32.0,14.1818,1
16,24,10,5,1600052,9,32.0,12.242,1
16,24,10,6,1600052,9,32.0,10.2733,1
16,24,10,7,1600052,9,32.0,9.49,1
16,24,10,8,1600052,9,32.0,11.0701,1
16,24,10,9,1600052,9,32.0,8.3688,1
16,24,10,10,1600052,9,32.0,8.7555,1
16,24,11,1,1600053,9,47.0,7.9841,1
16,24,11,2,1600053,9,47.0,7.4894,1
16,24,11,3,1600053,9,47.0,7.8912,1
16,24,11,4,1600053,9,47.0,6.6961,1
16,24,11,5,1600053,9,47.0,7.7976,1
16,24,11,6,1600053,9,47.0,8.4907,1
16,24,11,7,1600053,9,47.0,7.8073,1
16,24,11,8,1600053,9,47.0,8.7636,1
16,24,11,9,1600053,9,47.0,6.7598,1
16,24,11,10,1600053,9,47.0,5.7275,1
16,24,12,1,1600054,9,30.0,7.4694,1
16,24,12,2,1600054,9,30.0,7.7264,1
16,24,12,3,1600054,9,30.0,7.937,1
16,24,12,4,1600054,9,30.0,8.456,1
16,24,12,5,1600054,9,30.0,7.3698,1
16,24,12,6,1600054,9,30.0,7.7694,1
16,24,12,7,1600054,9,30.0,7.3138,1
16,24,12,8,1600054,9,30.0,26.3797,1
16,24,12,9,1600054,9,30.0,14.1814,1
16,24,12,10,1600054,9,30.0,11.5064,1
16,24,13,1,1600055,9,35.0,5.7791,1
16,24,13,2,1600055,9,35.0,11.476,1
16,24,13,3,1600055,9,35.0,6.5293,1
16,24,13,4,1600055,9,35.0,7.0143,1
16,24,13,5,1600055,9,35.0,5.2019,1
16,24,13,6,1600055,9,35.0,5.5274,1
16,24,13,7,1600055,9,35.0,5.6163,1
16,24,13,8,1600055,9,35.0,5.3862,1
16,24,13,9,1600055,9,35.0,6.069,1
16,24,13,10,1600055,9,35.0,6.0053,1
16,24,14,1,1600056,9,29.0,7.0895,1
16,24,14,2,1600056,9,29.0,6.9806,1
16,24,14,3,1600056,9,29.0,6.4779,1
16,24,14,4,1600056,9,29.0,6.1183,1
16,24,14,5,1600056,9,29.0,5.7165,1
16,24,14,6,1600056,9,29.0,6.0318,1
16,24,14,7,1600056,9,29.0,7.1126,1
16,24,14,8,1600056,9,29.0,6.5041,1
16,24,14,9,1600056,9,29.0,6.7036,1
16,24,14,10,1600056,9,29.0,6.9268,1
16,24,15,1,1600057,9,31.0,12.3391,1
16,24,15,2,1600057,9,31.0,10.0043,1
16,24,15,3,1600057,9,31.0,7.8715,1
16,24,15,4,1600057,9,31.0,9.8081,1
16,24,15,5,1600057,9,31.0,9.3383,1
16,24,15,6,1600057,9,31.0,7.9718,1
16,24,15,7,1600057,9,31.0,8.4145,1
16,24,15,8,1600057,9,31.0,8.0642,1
16,24,15,9,1600057,9,31.0,10.2284,1
16,24,15,10,1600057,9,31.0,8.4361,1
16,24,16,1,1600058,8,37.0,12.1536,1
16,24,16,2,1600058,8,37.0,7.5831,1
16,24,16,3,1600058,8,37.0,7.5978,1
16,24,16,4,1600058,8,37.0,8.2476,1
16,24,16,5,1600058,8,37.0,7.5386,1
16,24,16,6,1600058,8,37.0,8.8483,1
16,24,16,7,1600058,8,37.0,7.1284,1
16,24,16,8,1600058,8,37.0,7.2184,1
16,24,16,9,1600058,8,37.0,8.1023,1
16,24,16,10,1600058,8,37.0,7.7618,1
16,24,17,1,1600059,9,35.0,7.2382,1
16,24,17,2,1600059,9,35.0,6.941,1
16,24,17,3,1600059,9,35.0,6.1161,1
16,24,17,4,1600059,9,35.0,6.261,1
16,24,17,5,1600059,9,35.0,6.9762,1
16,24,17,6,1600059,9,35.0,6.6155,1
16,24,17,7,1600059,9,35.0,6.5044,1
16,24,17,8,1600059,9,35.0,6.7579,1
16,24,17,9,1600059,9,35.0,6.4725,1
16,24,17,10,1600059,9,35.0,6.572,1
16,24,18,1,1600060,9,31.0,8.8306,1
16,24,18,2,1600060,9,31.0,9.1292,1
16,24,18,3,1600060,9,31.0,10.518,1
16,24,18,4,1600060,9,31.0,12.423,1
16,24,18,5,1600060,9,31.0,8.809,1
16,24,18,6,1600060,9,31.0,9.6206,1
16,24,18,7,1600060,9,31.0,9.8796,1
16,24,18,8,1600060,9,31.0,9.0766,1
16,24,18,9,1600060,9,31.0,10.4513,1
16,24,18,10,1600060,9,31.0,9.5571,1
16,24,19,1,1600061,9,46.0,10.0028,1
16,24,19,2,1600061,9,46.0,9.0043,1
16,24,19,3,1600061,9,46.0,9.7292,1
16,24,19,4,1600061,9,46.0,8.8568,1
16,24,19,5,1600061,9,46.0,9.8526,1
16,24,19,6,1600061,9,46.0,8.3327,1
16,24,19,7,1600061,9,46.0,10.5786,1
16,24,19,8,1600061,9,46.0,9.2305,1
16,24,19,9,1600061,9,46.0,11.2967,1
16,24,19,10,1600061,9,46.0,11.7731,1
16,24,20,1,1600062,9,33.0,7.5941,1
16,24,20,2,1600062,9,33.0,7.1615,1
16,24,20,3,1600062,9,33.0,7.3091,1
16,24,20,4,1600062,9,33.0,6.9629,1
16,24,20,5,1600062,9,33.0,9.3932,1
16,24,20,6,1600062,9,33.0,10.4182,1
16,24,20,7,1600062,9,33.0,8.5017,1
16,24,20,8,1600062,9,33.0,8.6668,1
16,24,20,9,1600062,9,33.0,8.151,1
16,24,20,10,1600062,9,33.0,8.2438,1
18,27,1,1,1800043,10,25.0,17.1471,1
18,27,1,2,1800043,10,25.0,15.0829,1
18,27,1,3,1800043,10,25.0,15.2835,1
18,27,1,4,1800043,10,25.0,15.1607,1
18,27,1,5,1800043,10,25.0,14.3172,1
18,27,1,6,1800043,10,25.0,21.2498,1
18,27,1,7,1800043,10,25.0,16.9547,1
18,27,1,8,1800043,10,25.0,22.4382,1
18,27,1,9,1800043,10,25.0,19.1506,1
18,27,1,10,1800043,10,25.0,13.6905,1
18,27,2,1,1800044,10,37.0,18.1159,1
18,27,2,2,1800044,10,37.0,18.0534,1
18,27,2,3,1800044,10,37.0,17.3765,1
18,27,2,4,1800044,10,37.0,18.2325,1
18,27,2,5,1800044,10,37.0,18.3412,1
18,27,2,6,1800044,10,37.0,16.4524,1
18,27,2,7,1800044,10,37.0,18.7159,1
18,27,2,8,1800044,10,37.0,17.8437,1
18,27,2,9,1800044,10,37.0,16.7048,1
18,27,2,10,1800044,10,37.0,17.1054,1
18,27,3,1,1800045,10,31.0,13.5188,1
18,27,3,2,1800045,10,31.0,12.6786,1
18,27,3,3,1800045,10,31.0,12.7886,1
18,27,3,4,1800045,10,31.0,12.8669,1
18,27,3,5,1800045,10,31.0,12.8602,1
18,27,3,6,1800045,10,31.0,12.6164,1
18,27,3,7,1800045,10,31.0,13.1778,1
18,27,3,8,1800045,10,31.0,12.6469,1
18,27,3,9,1800045,10,31.0,18.5503,1
18,27,3,10,1800045,10,31.0,13.1089,1
18,27,4,1,1800046,10,37.0,11.0328,1
18,27,4,2,1800046,10,37.0,10.6039,1
18,27,4,3,1800046,10,37.0,10.8412,1
18,27,4,4,1800046,10,37.0,11.5545,1
18,27,4,5,1800046,10,37.0,11.0337,1
18,27,4,6,1800046,10,37.0,11.3773,1
18,27,4,7,1800046,10,37.0,11.3563,1
18,27,4,8,1800046,10,37.0,11.3378,1
18,27,4,9,1800046,10,37.0,10.5837,1
18,27,4,10,1800046,10,37.0,11.9665,1
18,27,5,1,1800047,9,34.0,13.9415,1
18,27,5,2,1800047,9,34.0,15.4031,1
18,27,5,3,1800047,9,34.0,14.5731,1
18,27,5,4,1800047,9,34.0,21.2742,1
18,27,5,5,1800047,9,34.0,16.9613,1
18,27,5,6,1800047,9,34.0,15.0202,1
18,27,5,7,1800047,9,34.0,14.1743,1
18,27,5,8,1800047,9,34.0,14.5793,1
18,27,5,9,1800047,9,34.0,13.9727,1
18,27,5,10,1800047,9,34.0,13.7704,1
18,27,6,1,1800048,10,26.0,9.3416,1
18,27,6,2,1800048,10,26.0,9.6284,1
18,27,6,3,1800048,10,26.0,10.5316,1
18,27,6,4,1800048,10,26.0,9.6503,1
18,27,6,5,1800048,10,26.0,9.2487,1
18,27,6,6,1800048,10,26.0,9.493,1
18,27,6,7,1800048,10,26.0,9.917,1
18,27,6,8,1800048,10,26.0,11.6376,1
18,27,6,9,1800048,10,26.0,9.087,1
18,27,6,10,1800048,10,26.0,9.1991,1
18,27,7,1,1800049,10,38.0,34.4931,1
18,27,7,2,1800049,10,38.0,36.6358,1
18,27,7,3,1800049,10,38.0,25.5902,1
18,27,7,4,1800049,10,38.0,19.8544,1
18,27,7,5,1800049,10,38.0,18.849,1
18,27,7,6,1800049,10,38.0,16.3825,1
18,27,7,7,1800049,10,38.0,16.7455,1
18,27,7,8,1800049,10,38.0,17.0512,1
18,27,7,9,1800049,10,38.0,17.304,1
18,27,7,10,1800049,10,38.0,16.2494,1
18,27,8,1,1800050,10,32.0,21.2658,1
18,27,8,2,1800050,10,32.0,21.9582,1
18,27,8,3,1800050,10,32.0,23.6858,1
18,27,8,4,1800050,10,32.0,20.9868,1
18,27,8,5,1800050,10,32.0,25.3817,1
18,27,8,6,1800050,10,32.0,24.4454,1
18,27,8,7,1800050,10,32.0,21.0065,1
18,27,8,8,1800050,10,32.0,20.7365,1
18,27,8,9,1800050,10,32.0,20.3105,1
18,27,8,10,1800050,10,32.0,21.4508,1
18,27,9,1,1800051,10,35.0,13.6186,1
18,27,9,2,1800051,10,35.0,14.7785,1
18,27,9,3,1800051,10,35.0,14.2662,1
18,27,9,4,1800051,10,35.0,13.6993,1
18,27,9,5,1800051,10,35.0,13.2618,1
18,27,9,6,1800051,10,35.0,14.6126,1
18,27,9,7,1800051,10,35.0,14.3565,1
18,27,9,8,1800051,10,35.0,14.4339,1
18,27,9,9,1800051,10,35.0,15.4211,1
18,27,9,10,1800051,10,35.0,13.5113,1
18,27,10,1,1800052,10,25.0,17.0378,1
18,27,10,2,1800052,10,25.0,18.8031,1
18,27,10,3,1800052,10,25.0,19.3577,1
18,27,10,4,1800052,10,25.0,17.8174,1
18,27,10,5,1800052,10,25.0,18.7026,1
18,27,10,6,1800052,10,25.0,17.1046,1
18,27,10,7,1800052,10,25.0,17.4677,1
18,27,10,8,1800052,10,25.0,16.6541,1
18,27,10,9,1800052,10,25.0,16.9215,1
18,27,10,10,1800052,10,25.0,17.1059,1
18,27,11,1,1800053,10,39.0,10.8664,1
18,27,11,2,1800053,10,39.0,10.7759,1
18,27,11,3,1800053,10,39.0,11.3924,1
18,27,11,4,1800053,10,39.0,11.8375,1
18,27,11,5,1800053,10,39.0,11.1049,1
18,27,11,6,1800053,10,39.0,15.5602,1
18,27,11,7,1800053,10,39.0,17.6031,1
18,27,11,8,1800053,10,39.0,12.3577,1
18,27,11,9,1800053,10,39.0,11.3485,1
18,27,11,10,1800053,10,39.0,14.6532,1
18,27,12,1,1800054,10,40.0,15.6516,1
18,27,12,2,1800054,10,40.0,14.3381,1
18,27,12,3,1800054,10,40.0,15.021,1
18,27,12,4,1800054,10,40.0,14.6125,1
18,27,12,5,1800054,10,40.0,15.041,1
18,27,12,6,1800054,10,40.0,15.2666,1
18,27,12,7,1800054,10,40.0,14.3688,1
18,27,12,8,1800054,10,40.0,14.7953,1
18,27,12,9,1800054,10,40.0,14.7045,1
18,27,12,10,1800054,10,40.0,15.6635,1
18,27,13,1,1800055,11,40.0,8.0858,1
18,27,13,2,1800055,11,40.0,6.4722,1
18,27,13,3,1800055,11,40.0,6.6388,1
18,27,13,4,1800055,11,40.0,6.7661,1
18,27,13,5,1800055,11,40.0,6.2044,1
18,27,13,6,1800055,11,40.0,6.8243,1
18,27,13,7,1800055,11,40.0,6.1102,1
18,27,13,8,1800055,11,40.0,6.6302,1
18,27,13,9,1800055,11,40.0,6.7685,1
18,27,13,10,1800055,11,40.0,6.2964,1
18,27,14,1,1800056,10,30.0,10.9441,1
18,27,14,2,1800056,10,30.0,10.4716,1
18,27,14,3,1800056,10,30.0,10.8497,1
18,27,14,4,1800056,10,30.0,11.7174,1
18,27,14,5,1800056,10,30.0,10.8581,1
18,27,14,6,1800056,10,30.0,11.694,1
18,27,14,7,1800056,10,30.0,10.3431,1
18,27,14,8,1800056,10,30.0,10.6376,1
18,27,14,9,1800056,10,30.0,11.323,1
18,27,14,10,1800056,10,30.0,10.4133,1
18,27,15,1,1800057,10,40.0,11.6582,1
18,27,15,2,1800057,10,40.0,11.953,1
18,27,15,3,1800057,10,40.0,11.5548,1
18,27,15,4,1800057,10,40.0,11.8822,1
18,27,15,5,1800057,10,40.0,11.5784,1
18,27,15,6,1800057,10,40.0,11.323,1
18,27,15,7,1800057,10,40.0,12.7776,1
18,27,15,8,1800057,10,40.0,13.0847,1
18,27,15,9,1800057,10,40.0,11.4263,1
18,27,15,10,1800057,10,40.0,11.5379,1
18,27,16,1,1800058,10,37.0,16.9121,1
18,27,16,2,1800058,10,37.0,15.6375,1
18,27,16,3,1800058,10,37.0,17.5085,1
18,27,16,4,1800058,10,37.0,16.0282,1
18,27,16,5,1800058,10,37.0,15.0974,1
18,27,16,6,1800058,10,37.0,14.7973,1
18,27,16,7,1800058,10,37.0,16.8268,1
18,27,16,8,1800058,10,37.0,15.1524,1
18,27,16,9,1800058,10,37.0,16.7942,1
18,27,16,10,1800058,10,37.0,15.6312,1
18,27,17,1,1800059,10,40.0,18.1157,1
18,27,17,2,1800059,10,40.0,17.132,1
18,27,17,3,1800059,10,40.0,17.2374,1
18,27,17,4,1800059,10,40.0,15.8797,1
18,27,17,5,1800059,10,40.0,16.0271,1
18,27,17,6,1800059,10,40.0,15.0462,1
18,27,17,7,1800059,10,40.0,15.2155,1
18,27,17,8,1800059,10,40.0,14.6926,1
18,27,17,9,1800059,10,40.0,15.1508,1
18,27,17,10,1800059,10,40.0,15.6946,1
18,27,18,1,1800060,11,37.0,12.8415,1
18,27,18,2,1800060,11,37.0,13.6873,1
18,27,18,3,1800060,11,37.0,13.9509,1
18,27,18,4,1800060,11,37.0,12.9501,1
18,27,18,5,1800060,11,37.0,12.698,1
18,27,18,6,1800060,11,37.0,13.0557,1
18,27,18,7,1800060,11,37.0,13.5565,1
18,27,18,8,1800060,11,37.0,13.0481,1
18,27,18,9,1800060,11,37.0,14.2575,1
18,27,18,10,1800060,11,37.0,13.0463,1
18,27,19,1,1800061,10,42.0,17.4632,1
18,27,19,2,1800061,10,42.0,16.2236,1
18,27,19,3,1800061,10,42.0,26.8564,1
18,27,19,4,1800061,10,42.0,30.8014,1
18,27,19,5,1800061,10,42.0,24.5859,1
18,27,19,6,1800061,10,42.0,29.0408,1
18,27,19,7,1800061,10,42.0,20.6204,1
18,27,19,8,1800061,10,42.0,19.2072,1
18,27,19,9,1800061,10,42.0,18.2632,1
18,27,19,10,1800061,10,42.0,22.8271,1
18,27,20,1,1800062,9,25.0,10.25,1
18,27,20,2,1800062,9,25.0,10.8852,1
18,27,20,3,1800062,9,25.0,11.601,1
18,27,20,4,1800062,9,25.0,10.1474,1
18,27,20,5,1800062,9,25.0,9.73,1
18,27,20,6,1800062,9,25.0,7.8798,1
18,27,20,7,1800062,9,25.0,9.332,1
18,27,20,8,1800062,9,25.0,8.1208,1
18,27,20,9,1800062,9,25.0,10.5676,1
18,27,20,10,1800062,9,25.0,7.6145,1
20,30,1,1,2000043,12,34.0,27.1469,1
20,30,1,2,2000043,12,34.0,25.4283,1
20,30,1,3,2000043,12,34.0,31.2205,1
20,30,1,4,2000043,12,34.0,27.4464,1
20,30,1,5,2000043,12,34.0,27.2963,1
20,30,1,6,2000043,12,34.0,31.4535,1
20,30,1,7,2000043,12,34.0,26.0034,1
20,30,1,8,2000043,12,34.0,26.6554,1
20,30,1,9,2000043,12,34.0,34.1609,1
20,30,1,10,2000043,12,34.0,27.2755,1
20,30,2,1,2000044,11,42.0,35.4122,1
20,30,2,2,2000044,11,42.0,40.7866,1
20,30,2,3,2000044,11,42.0,40.4374,1
20,30,2,4,2000044,11,42.0,31.6874,1
20,30,2,5,2000044,11,42.0,27.4652,1
20,30,2,6,2000044,11,42.0,27.4983,1
20,30,2,7,2000044,11,42.0,29.0257,1
20,30,2,8,2000044,11,42.0,28.2316,1
20,30,2,9,2000044,11,42.0,28.1323,1
20,30,2,10,2000044,11,42.0,27.3668,1
20,30,3,1,2000045,11,51.0,18.0764,1
20,30,3,2,2000045,11,51.0,16.8381,1
20,30,3,3,2000045,11,51.0,18.3733,1
20,30,3,4,2000045,11,51.0,16.9569,1
20,30,3,5,2000045,11,51.0,16.9518,1
20,30,3,6,2000045,11,51.0,17.5795,1
20,30,3,7,2000045,11,51.0,17.4886,1
20,30,3,8,2000045,11,51.0,16.8755,1
20,30,3,9,2000045,11,51.0,16.9835,1
20,30,3,10,2000045,11,51.0,16.7911,1
20,30,4,1,2000046,11,40.0,27.7533,1
20,30,4,2,2000046,11,40.0,28.3533,1
20,30,4,3,2000046,11,40.0,24.9155,1
20,30,4,4,2000046,11,40.0,25.5334,1
20,30,4,5,2000046,11,40.0,25.8556,1
20,30,4,6,2000046,11,40.0,25.1973,1
20,30,4,7,2000046,11,40.0,27.1178,1
20,30,4,8,2000046,11,40.0,29.5005,1
20,30,4,9,2000046,11,40.0,25.6116,1
20,30,4,10,2000046,11,40.0,25.3724,1
20,30,5,1,2000047,11,32.0,23.2457,1
20,30,5,2,2000047,11,32.0,24.4637,1
20,30,5,3,2000047,11,32.0,22.1785,1
20,30,5,4,2000047,11,32.0,23.4138,1
20,30,5,5,2000047,11,32.0,26.6012,1
20,30,5,6,2000047,11,32.0,22.2707,1
20,30,5,7,2000047,11,32.0,22.0496,1
20,30,5,8,2000047,11,32.0,22.4182,1
20,30,5,9,2000047,11,32.0,22.3793,1
20,30,5,10,2000047,11,32.0,24.0075,1
20,30,6,1,2000048,11,43.0,19.2642,1
20,30,6,2,2000048,11,43.0,19.1317,1
20,30,6,3,2000048,11,43.0,19.2686,1
20,30,6,4,2000048,11,43.0,24.5139,1
20,30,6,5,2000048,11,43.0,18.7517,1
20,30,6,6,2000048,11,43.0,19.2624,1
20,30,6,7,2000048,11,43.0,18.2176,1
20,30,6,8,2000048,11,43.0,18.0321,1
20,30,6,9,2000048,11,43.0,17.7646,1
20,30,6,10,2000048,11,43.0,17.3729,1
20,30,7,1,2000049,11,44.0,26.5216,1
20,30,7,2,2000049,11,44.0,26.7114,1
20,30,7,3,2000049,11,44.0,48.9206,1
20,30,7,4,2000049,11,44.0,42.4029,1
20,30,7,5,2000049,11,44.0,31.3479,1
20,30,7,6,2000049,11,44.0,28.2359,1
20,30,7,7,2000049,11,44.0,30.05,1
20,30,7,8,2000049,11,44.0,26.8107,1
20,30,7,9,2000049,11,44.0,29.4468,1
20,30,7,10,2000049,11,44.0,27.0233,1
20,30,8,1,2000050,12,37.0,28.5807,1
20,30,8,2,2000050,12,37.0,30.6276,1
20,30,8,3,2000050,12,37.0,28.3489,1
20,30,8,4,2000050,12,37.0,31.2895,1
20,30,8,5,2000050,12,37.0,27.4242,1
20,30,8,6,2000050,12,37.0,28.944,1
20,30,8,7,2000050,12,37.0,27.9431,1
20,30,8,8,2000050,12,37.0,29.3668,1
20,30,8,9,2000050,12,37.0,26.3998,1
20,30,8,10,2000050,12,37.0,30.434,1
20,30,9,1,2000051,12,49.0,37.1358,1
20,30,9,2,2000051,12,49.0,35.9356,1
20,30,9,3,2000051,12,49.0,36.5991,1
20,30,9,4,2000051,12,49.0,38.3214,1
20,30,9,5,2000051,12,49.0,41.1663,1
20,30,9,6,2000051,12,49.0,39.5965,1
20,30,9,7,2000051,12,49.0,34.6704,1
20,30,9,8,2000051,12,49.0,36.5559,1
20,30,9,9,2000051,12,49.0,41.3321,1
20,30,9,10,2000051,12,49.0,41.4174,1
20,30,10,1,2000052,11,40.0,22.718,1
20,30,10,2,2000052,11,40.0,22.5822,1
20,30,10,3,2000052,11,40.0,22.1379,1
20,30,10,4,2000052,11,40.0,21.1919,1
20,30,10,5,2000052,11,40.0,24.5956,1
20,30,10,6,2000052,11,40.0,22.0495,1
20,30,10,7,2000052,11,40.0,22.005,1
20,30,10,8,2000052,11,40.0,24.6513,1
20,30,10,9,2000052,11,40.0,21.4538,1
20,30,10,10,2000052,11,40.0,25.8277,1
20,30,11,1,2000053,11,50.0,43.6938,1
20,30,11,2,2000053,11,50.0,42.3,1
20,30,11,3,2000053,11,50.0,41.0084,1
20,30,11,4,2000053,11,50.0,40.0737,1
20,30,11,5,2000053,11,50.0,40.7932,1
20,30,11,6,2000053,11,50.0,40.0465,1
20,30,11,7,2000053,11,50.0,41.6694,1
20,30,11,8,2000053,11,50.0,38.5087,1
20,30,11,9,2000053,11,50.0,38.2799,1
20,30,11,10,2000053,11,50.0,38.72,1
20,30,12,1,2000054,11,41.0,28.088,1
20,30,12,2,2000054,11,41.0,25.6569,1
20,30,12,3,2000054,11,41.0,26.0072,1
20,30,12,4,2000054,11,41.0,25.4985,1
20,30,12,5,2000054,11,41.0,29.4462,1
20,30,12,6,2000054,11,41.0,25.3369,1
20,30,12,7,2000054,11,41.0,34.1446,1
20,30,12,8,2000054,11,41.0,28.1571,1
20,30,12,9,2000054,11,41.0,26.5436,1
20,30,12,10,2000054,11,41.0,27.0197,1
20,30,13,1,2000055,11,43.0,54.1519,1
20,30,13,2,2000055,11,43.0,39.4494,1
20,30,13,3,2000055,11,43.0,33.4659,1
20,30,13,4,2000055,11,43.0,34.8168,1
20,30,13,5,2000055,11,43.0,34.672,1
20,30,13,6,2000055,11,43.0,33.8921,1
20,30,13,7,2000055,11,43.0,32.3437,1
20,30,13,8,2000055,11,43.0,32.413,1
20,30,13,9,2000055,11,43.0,34.3769,1
20,30,13,10,2000055,11,43.0,35.1224,1
20,30,14,1,2000056,12,35.0,29.6561,1
20,30,14,2,2000056,12,35.0,30.1446,1
20,30,14,3,2000056,12,35.0,33.7159,1
20,30,14,4,2000056,12,35.0,31.7269,1
20,30,14,5,2000056,12,35.0,30.3038,1
20,30,14,6,2000056,12,35.0,28.7512,1
20,30,14,7,2000056,12,35.0,30.9737,1
20,30,14,8,2000056,12,35.0,35.9344,1
20,30,14,9,2000056,12,35.0,31.1535,1
20,30,14,10,2000056,12,35.0,29.7807,1
20,30,15,1,2000057,11,35.0,15.8154,1
20,30,15,2,2000057,11,35.0,14.5616,1
20,30,15,3,2000057,11,35.0,14.4847,1
20,30,15,4,2000057,11,35.0,14.9634,1
20,30,15,5,2000057,11,35.0,14.588,1
20,30,15,6,2000057,11,35.0,14.5925,1
20,30,15,7,2000057,11,35.0,15.5754,1
20,30,15,8,2000057,11,35.0,15.1738,1
20,30,15,9,2000057,11,35.0,15.1089,1
20,30,15,10,2000057,11,35.0,14.7515,1
20,30,16,1,2000058,12,41.0,31.1437,1
20,30,16,2,2000058,12,41.0,30.1723,1
20,30,16,3,2000058,12,41.0,30.7252,1
20,30,16,4,2000058,12,41.0,31.9332,1
20,30,16,5,2000058,12,41.0,30.6931,1
20,30,16,6,2000058,12,41.0,31.1263,1
20,30,16,7,2000058,12,41.0,31.3303,1
20,30,16,8,2000058,12,41.0,29.7321,1
20,30,16,9,2000058,12,41.0,38.115,1
20,30,16,10,2000058,12,41.0,32.0092,1
20,30,17,1,2000059,10,42.0,22.1233,1
20,30,17,2,2000059,10,42.0,21.8137,1
20,30,17,3,2000059,10,42.0,21.2651,1
20,30,17,4,2000059,10,42.0,27.27,1
20,30,17,5,2000059,10,42.0,21.3095,1
20,30,17,6,2000059,10,42.0,24.1387,1
20,30,17,7,2000059,10,42.0,22.3701,1
20,30,17,8,2000059,10,42.0,21.5695,1
20,30,17,9,2000059,10,42.0,23.9872,1
20,30,17,10,2000059,10,42.0,21.3336,1
20,30,18,1,2000060,11,39.0,16.0564,1
20,30,18,2,2000060,11,39.0,16.1434,1
20,30,18,3,2000060,11,39.0,16.122,1
20,30,18,4,2000060,11,39.0,17.8021,1
20,30,18,5,2000060,11,39.0,16.1402,1
20,30,18,6,2000060,11,39.0,16.9229,1
20,30,18,7,2000060,11,39.0,15.8978,1
20,30,18,8,2000060,11,39.0,16.2641,1
20,30,18,9,2000060,11,39.0,16.3121,1
20,30,18,10,2000060,11,39.0,16.8646,1
20,30,19,1,2000061,11,47.0,31.5551,1
20,30,19,2,2000061,11,47.0,28.3338,1
20,30,19,3,2000061,11,47.0,28.2595,1
20,30,19,4,2000061,11,47.0,30.6612,1
20,30,19,5,2000061,11,47.0,23.8025,1
20,30,19,6,2000061,11,47.0,26.4532,1
20,30,19,7,2000061,11,47.0,24.0791,1
20,30,19,8,2000061,11,47.0,33.4565,1
20,30,19,9,2000061,11,47.0,25.2144,1
20,30,19,10,2000061,11,47.0,27.8642,1
20,30,20,1,2000062,11,35.0,42.6515,1
20,30,20,2,2000062,11,35.0,41.4215,1
20,30,20,3,2000062,11,35.0,30.6297,1
20,30,20,4,2000062,11,35.0,30.4346,1
20,30,20,5,2000062,11,35.0,32.7526,1
20,30,20,6,2000062,11,35.0,34.1255,1
20,30,20,7,2000062,11,35.0,31.0049,1
20,30,20,8,2000062,11,35.0,33.5392,1
20,30,20,9,2000062,11,35.0,41.2547,1
20,30,20,10,2000062,11,35.0,44.1252,1
