candidate_fact_count,rule_count_mean,instances,timed_runs,median_ms,mean_ms,p95_ms,p99_ms,max_ms,mean_removed_fact_count,safety_preserved_rate,median_growth_vs_previous
4,6.0,20,200,0.0958,0.1106985,0.2310649999999994,0.4490169999999998,0.553,2.05,1.0,
6,9.0,20,200,0.26865,0.3986665,1.03111,2.209432999999993,5.5136,3.2,1.0,2.8042797494780793
8,12.0,20,200,0.43835,0.5220615,0.9730699999999999,1.6295989999999991,3.1321,4.35,1.0,1.631676903033687
10,15.0,20,200,0.9801,1.1163145,1.9424899999999996,4.164666999999996,6.8073,5.35,1.0,2.235884567126725
12,18.0,20,200,2.0331,2.335863,4.535369999999999,6.130028999999995,7.9614,6.75,1.0,2.074380165289256
14,21.0,20,200,3.6904000000000003,3.935796,5.722449999999998,6.569188999999992,8.0245,7.65,1.0,1.8151591166199401
16,24.0,20,200,7.9544,8.788178,13.679989999999993,26.496127999999896,41.6888,8.9,1.0,2.155430305657923
18,27.0,20,200,14.40135,14.7605595,22.870034999999987,30.838316999999968,36.6358,10.0,1.0,1.8104885346474908
20,30.0,20,200,27.435299999999998,27.696975,41.336365,44.173153999999954,54.1519,11.2,1.0,1.9050505681759
